account_id,visit_cnt,last_visit_date,revenue
671969,4,2021-01-09,620
668655,3,2021-02-07,70
673773,5,2020-12-27,640
661850,1,2020-12-16,350
664958,1,2020-12-07,30
677087,1,2021-01-16,50
666541,2,2021-01-01,1460
671012,5,2020-11-22,1030
681744,2,2020-12-29,20
671208,2,2021-02-09,120
671256,5,2021-01-22,230
671336,8,2020-11-26,560
658089,1,2020-12-17,40
658121,1,2021-01-23,70
681910,1,2021-01-12,40
670808,3,2020-12-19,160
670936,1,2020-12-14,60
671016,5,2021-02-06,340
671032,4,2020-11-30,1210
671080,8,2020-12-31,310
681844,1,2021-01-26,20
659767,4,2021-02-06,210
671132,4,2020-12-21,320
671260,2,2020-11-17,100
671276,2,2021-01-07,250
671324,15,2020-12-22,620
671484,3,2020-12-15,210
670763,10,2020-12-29,740
670811,5,2020-12-24,720
670923,1,2021-02-12,250
670971,1,2020-12-02,20
671067,2,2021-01-02,970
671099,1,2020-12-25,1370
671167,3,2021-01-26,1070
671199,1,2020-12-16,90
671231,2,2020-12-21,60
671407,11,2020-12-28,500
671455,6,2021-02-03,890
670935,20,2020-12-24,630
670999,4,2020-12-30,40
671047,3,2020-11-29,50
681619,2,2020-12-09,20
681827,1,2020-12-15,10
659718,1,2021-01-15,90
659798,1,2021-02-15,70
671131,2,2020-12-14,140
671211,2,2020-11-18,20
671243,10,2020-12-22,710
671323,8,2021-02-17,1600
671435,7,2020-12-11,160
658218,1,2021-01-04,100
681927,1,2021-01-07,10
670777,4,2020-12-19,1010
670841,1,2021-01-27,140
670873,2,2020-12-19,180
671065,21,2020-12-29,450
671097,1,2021-02-04,60
681605,1,2020-12-13,20
659768,4,2020-12-13,190
671357,8,2021-01-27,500
671437,1,2021-01-22,20
671453,1,2021-02-04,80
670924,17,2021-01-29,1090
670956,9,2020-11-16,400
671052,2,2021-01-09,100
681736,1,2020-11-12,10
681752,1,2021-01-21,30
681768,3,2020-12-31,30
681784,1,2020-11-06,10
681816,1,2020-11-06,10
659835,3,2021-02-02,100
671152,5,2021-02-13,170
671216,1,2020-11-25,150
671312,22,2020-12-28,810
671440,4,2020-12-09,50
658150,6,2020-12-14,90
681923,1,2020-12-10,10
670805,3,2021-02-08,650
670837,2,2020-12-22,70
670949,10,2021-01-09,340
671013,2,2020-12-25,640
671045,1,2021-01-06,20
671077,4,2020-11-21,330
671093,8,2020-12-10,950
681697,1,2021-01-05,10
659924,2,2020-12-03,50
671241,10,2020-11-29,170
671337,2,2021-01-01,150
671417,6,2020-11-18,200
681912,1,2020-11-13,30
670746,2,2020-12-02,320
670794,9,2021-01-19,160
670810,7,2020-12-23,1060
670890,5,2020-11-21,80
670906,2,2020-12-20,550
670954,4,2020-12-14,330
671002,19,2021-01-28,410
681750,1,2020-11-15,20
681830,1,2021-01-02,10
681894,1,2021-01-03,20
659625,2,2020-12-05,20
659817,3,2020-12-12,30
659961,2,2021-01-01,100
671134,23,2021-02-03,1150
671166,3,2020-12-11,210
671310,17,2020-12-13,740
671358,1,2020-12-08,1110
671390,5,2021-01-30,390
671406,1,2020-12-01,90
671470,2,2020-11-08,100
671486,24,2020-12-09,1460
681956,1,2021-01-12,20
670822,1,2021-02-10,10
671078,5,2020-11-27,280
681778,2,2021-01-07,20
681890,1,2021-01-22,20
659989,4,2021-02-11,930
671210,11,2021-01-07,500
671242,1,2020-11-27,1220
671274,2,2021-01-20,520
671354,9,2020-12-15,480
671450,12,2020-12-21,610
670883,12,2021-02-03,820
670915,2,2020-11-09,450
670931,3,2021-01-04,1330
671091,6,2021-01-12,1110
671107,1,2020-11-26,20
681599,2,2020-12-17,40
681647,1,2020-12-10,30
681695,1,2021-01-20,10
681727,1,2021-01-10,10
681807,1,2021-01-04,60
681855,1,2021-01-09,30
659618,1,2021-02-15,550
659762,1,2021-01-02,340
659890,1,2021-02-13,360
659954,11,2021-02-09,150
659986,1,2021-02-15,140
671319,1,2020-12-21,810
671431,10,2021-02-19,1200
658179,1,2021-02-16,100
681904,1,2020-12-03,20
670834,1,2021-01-20,770
670850,1,2020-12-17,10
670978,5,2020-12-13,90
671042,4,2020-12-03,60
671106,2,2021-01-17,1200
671122,4,2021-01-06,1440
681758,1,2021-01-12,20
681822,1,2020-12-07,50
681838,1,2020-11-03,10
659681,3,2020-12-03,100
659985,1,2021-02-17,160
671206,23,2021-01-07,590
671238,1,2021-01-14,20
671254,10,2020-12-31,280
671398,2,2020-11-23,60
671414,12,2020-12-31,670
671462,2,2021-01-03,40
658175,2,2021-02-07,140
670734,1,2021-01-17,40
670830,29,2020-12-02,910
670846,14,2021-01-26,820
671022,1,2020-12-26,290
671070,15,2020-12-03,470
671086,3,2021-01-02,750
659565,1,2021-01-15,90
659805,1,2020-12-20,20
671202,1,2020-12-04,50
671234,2,2020-11-25,120
671282,2,2021-01-24,180
671314,16,2020-12-19,710
671378,7,2021-01-11,170
658142,1,2021-02-09,80
670893,3,2021-02-09,100
670941,1,2021-01-07,10
670989,2,2020-12-28,1290
671085,15,2021-02-01,740
681641,1,2020-12-18,20
659596,4,2021-02-18,250
659804,1,2021-01-03,30
659980,2,2021-02-06,170
671137,3,2021-02-11,190
671201,2,2021-01-04,1110
671457,19,2020-11-25,550
658192,1,2021-02-14,20
681901,1,2021-01-25,20
681933,1,2020-11-12,10
670751,10,2021-01-07,710
670831,2,2020-12-04,1550
670959,2,2020-11-29,570
671023,42,2020-12-04,1800
671055,3,2021-01-29,140
671103,3,2020-12-04,90
671119,1,2020-11-30,1500
681771,1,2020-11-27,20
659726,2,2020-12-12,130
659886,10,2021-02-20,230
671139,13,2021-01-01,1710
671155,14,2021-02-09,190
671235,36,2020-12-18,800
671267,3,2021-01-27,90
671427,1,2020-11-20,40
671475,1,2020-11-30,220
670768,2,2020-12-20,80
670816,19,2020-12-31,490
670848,1,2020-12-19,600
670864,3,2020-12-18,1510
670880,10,2021-01-21,1100
670944,12,2020-12-25,700
671024,1,2020-11-13,20
681804,1,2020-11-23,10
681820,1,2021-01-15,20
659839,3,2021-01-21,40
671252,3,2020-12-31,80
671396,1,2020-11-05,200
671412,12,2020-12-17,130
671428,1,2021-01-23,20
671460,6,2021-01-13,880
660026,2,2021-01-31,90
660090,2,2021-02-12,50
660122,17,2020-12-29,210
660346,1,2021-01-09,40
671527,1,2020-11-20,150
671559,4,2020-11-22,220
671591,3,2020-12-27,750
671671,1,2021-01-16,60
665498,3,2021-01-11,180
665601,1,2021-02-25,400
665617,7,2020-12-30,330
671807,1,2020-11-24,140
671604,4,2021-01-19,320
671684,3,2021-01-27,620
671780,2,2020-12-24,150
665582,17,2020-12-24,570
671804,4,2020-11-06,860
660024,1,2020-12-05,10
660312,1,2020-12-07,30
671621,1,2020-11-20,960
671669,19,2021-01-08,410
671701,4,2021-01-20,570
671733,1,2020-12-02,10
665583,1,2020-12-18,880
660269,3,2021-02-08,100
660397,2,2021-02-10,260
671514,4,2021-01-26,120
671594,1,2021-01-13,280
671610,1,2020-11-17,20
671810,5,2020-12-05,150
671858,4,2020-11-17,430
660011,1,2021-01-20,630
660283,1,2020-12-26,70
671608,1,2021-01-02,100
671624,9,2020-12-15,230
671688,7,2021-02-08,90
671720,2,2020-11-24,220
671752,1,2021-01-14,30
665259,1,2021-01-15,650
665291,8,2021-01-14,560
665323,1,2020-11-24,50
665387,2,2021-01-26,710
671824,4,2020-12-17,350
671840,10,2021-02-13,430
660329,6,2020-12-19,220
671542,1,2020-12-08,10
671574,1,2020-12-14,140
671718,1,2020-11-24,10
671734,3,2020-12-05,160
665353,9,2021-01-18,290
665385,4,2020-12-26,140
665401,7,2021-02-18,450
665529,10,2020-12-29,1260
665568,2,2021-01-16,660
665600,2,2020-11-13,1290
665616,1,2020-11-28,80
660096,9,2021-02-07,120
660336,3,2021-01-17,440
671629,1,2020-12-06,20
671645,2,2020-12-27,660
671693,3,2020-12-18,50
671709,4,2020-12-19,100
671725,1,2020-12-02,1560
665559,6,2020-12-12,580
665607,1,2021-02-05,10
671797,1,2021-01-06,20
671813,2,2021-01-19,850
671829,2,2021-02-15,50
660324,4,2021-02-05,590
660356,1,2020-12-14,30
671521,3,2021-01-23,860
671537,2,2020-12-09,1570
671585,4,2020-12-30,1100
671777,2,2021-02-07,670
671793,2,2021-01-15,180
665284,2,2020-12-17,90
665300,34,2021-02-10,910
665380,9,2020-12-24,420
665531,15,2021-01-31,830
665563,13,2020-12-02,210
671833,1,2020-12-21,1120
660060,4,2020-12-07,130
660172,4,2021-02-05,290
671497,3,2020-12-26,960
671593,4,2021-02-11,1330
671609,1,2020-11-17,10
665324,5,2020-12-17,360
665420,2,2021-01-03,970
665500,22,2021-02-12,720
671841,19,2021-01-13,1060
660038,1,2021-01-07,120
660198,1,2021-01-09,50
671539,1,2020-12-07,20
671635,1,2021-01-24,110
671651,1,2020-12-23,10
671667,3,2020-12-13,870
671731,13,2021-01-04,1570
671763,5,2020-12-12,470
665446,1,2021-01-15,720
665597,1,2021-01-30,500
665613,5,2021-01-07,1050
671803,1,2020-12-21,1060
660213,1,2020-12-06,60
660389,1,2020-12-10,10
671586,2,2020-11-27,150
671650,17,2021-01-25,660
671698,7,2021-02-16,70
671714,4,2021-01-02,70
671746,5,2020-12-11,890
671778,9,2020-12-29,410
665413,3,2020-12-18,220
665493,1,2021-02-04,10
671802,6,2020-12-15,180
671579,11,2021-01-28,200
671611,15,2020-12-24,220
671627,5,2021-01-13,1180
671787,2,2021-01-23,550
665262,18,2020-11-30,310
665342,3,2021-01-02,50
665358,14,2020-12-31,320
665374,5,2021-01-21,300
665438,7,2021-02-11,740
665470,5,2020-12-31,160
660191,1,2021-01-24,70
660207,1,2020-12-13,540
660367,1,2020-12-08,10
671532,2,2020-11-29,140
671548,4,2020-12-26,260
671628,3,2020-12-05,90
671740,1,2020-11-12,70
665263,5,2021-01-03,720
665471,4,2021-02-02,1480
665574,8,2021-01-26,660
671796,27,2021-01-24,670
671812,1,2020-11-30,20
671876,2,2021-01-28,1200
670769,5,2021-01-21,90
670833,5,2020-11-27,200
670865,1,2020-11-21,20
670897,4,2021-01-01,160
681885,2,2020-12-30,30
659680,10,2020-12-18,190
671141,8,2020-11-26,450
671221,17,2020-12-14,440
671445,19,2021-01-01,380
671461,2,2020-12-19,50
660034,2,2021-01-28,280
660194,6,2020-12-06,60
660306,1,2020-12-06,20
660434,1,2021-01-11,180
671599,1,2020-11-27,150
671647,23,2021-01-24,1230
671679,3,2020-12-10,790
671711,5,2020-12-07,90
671743,2,2020-12-12,130
665282,2,2020-11-16,360
665298,2,2021-01-16,130
665314,1,2021-01-23,270
665593,1,2021-01-27,780
665609,7,2021-02-18,460
671831,10,2020-12-23,400
671502,1,2020-12-19,110
671534,6,2021-01-13,420
671662,5,2020-12-27,210
671758,5,2021-01-22,160
665425,20,2021-01-08,350
665489,4,2021-01-31,1470
671814,1,2021-01-21,590
671894,2,2021-02-10,130
671883,7,2021-01-27,160
671963,1,2020-11-15,10
672027,2,2021-01-22,860
672043,1,2020-12-12,380
672059,4,2020-12-14,170
672091,1,2020-11-26,10
672123,4,2021-01-02,40
660461,1,2021-02-15,20
660637,1,2020-11-27,80
661026,1,2021-01-11,200
661058,1,2020-12-18,80
661134,12,2020-12-14,780
661150,1,2021-02-15,10
661262,7,2021-02-16,120
661390,2,2020-12-26,180
671908,1,2020-12-29,340
672004,1,2020-11-14,50
672020,3,2021-01-06,70
672068,3,2020-11-19,280
672148,2,2020-12-15,120
660454,13,2021-02-24,180
660470,4,2021-02-25,590
660518,7,2021-02-19,70
660598,4,2020-12-28,660
660891,4,2021-02-15,640
660971,4,2021-01-07,50
660987,1,2021-02-17,220
661003,1,2020-11-25,30
672359,1,2020-11-15,10
672407,17,2021-01-11,700
672503,7,2020-11-20,240
661159,1,2021-01-29,20
661175,1,2021-02-04,300
661303,2,2021-01-24,670
661415,1,2020-11-23,110
661431,6,2021-01-27,430
671805,4,2020-11-21,230
672077,4,2021-01-01,540
660607,4,2021-01-15,60
660639,1,2021-01-21,180
672176,39,2021-01-20,440
672336,4,2021-01-17,1370
672400,18,2020-12-18,460
672464,11,2021-01-18,1020
672480,3,2020-12-01,140
661072,1,2021-02-09,10
661328,5,2021-01-11,90
661360,3,2020-12-18,140
661376,1,2021-01-06,580
671941,9,2021-01-21,220
672021,5,2021-02-02,100
672101,9,2021-01-30,440
660567,9,2021-01-24,260
660599,1,2021-02-10,50
660780,1,2021-01-22,40
660956,2,2021-01-08,150
661052,3,2020-12-08,60
672184,6,2021-02-06,480
672232,2,2021-01-31,30
672264,9,2021-02-09,380
672344,6,2021-02-03,750
672376,4,2020-11-21,190
672424,5,2021-02-09,220
672472,10,2021-01-10,180
672504,7,2020-11-23,1050
671903,3,2021-01-22,330
671967,3,2021-02-08,130
671999,1,2020-12-23,100
672031,1,2020-11-12,70
672063,7,2020-11-30,610
672127,5,2021-01-02,230
660721,7,2020-12-06,200
660753,9,2021-01-12,330
660806,1,2021-01-03,10
661030,1,2021-01-25,50
672210,4,2020-12-20,50
672242,3,2021-01-31,280
672306,2,2021-01-03,810
672354,4,2021-01-07,90
672418,23,2021-01-26,1030
661298,2,2021-02-01,200
661394,1,2021-01-15,410
671889,2,2020-12-25,790
671953,6,2020-12-19,820
672065,29,2020-11-25,1490
672097,4,2021-01-03,1450
672145,2,2020-12-13,360
672161,3,2020-12-03,90
660515,1,2021-02-18,10
672244,8,2020-12-24,800
672292,2,2021-01-11,80
672452,6,2020-11-19,100
661140,1,2021-01-25,240
671886,2,2021-01-08,150
671982,49,2021-01-22,840
672046,2,2020-12-27,360
672110,10,2021-01-29,230
660528,6,2021-01-22,200
660640,3,2021-02-13,50
660869,10,2020-12-05,280
660917,13,2021-01-24,600
672209,11,2020-12-03,320
672273,3,2020-11-23,30
672289,1,2020-12-14,90
672321,6,2020-12-14,110
672337,1,2020-12-27,50
672385,4,2020-12-07,60
672481,3,2020-12-07,150
661361,3,2020-12-07,50
671922,2,2020-12-15,240
671954,7,2021-01-14,270
672050,10,2020-12-18,1220
672114,1,2021-01-07,1470
672130,7,2021-01-05,180
660692,1,2021-01-04,120
660740,6,2021-01-05,240
660921,1,2021-02-12,110
672165,1,2020-11-15,30
672181,2,2020-12-23,300
672197,21,2020-11-25,770
672229,14,2021-01-15,610
672325,1,2020-12-25,1590
672341,7,2020-12-31,590
672357,13,2020-11-18,1290
672373,1,2020-12-17,10
672389,2,2021-01-17,120
661429,1,2020-12-28,710
671987,1,2020-12-11,170
672003,1,2020-11-07,850
672051,2,2020-12-31,400
660485,10,2021-02-17,400
660581,4,2021-01-10,270
660874,4,2021-01-28,200
660986,1,2021-01-01,140
672166,5,2021-02-01,190
672246,4,2021-01-05,210
672294,2,2021-01-02,750
672374,10,2021-02-13,490
672406,3,2021-01-19,330
672470,12,2021-01-09,370
672486,1,2020-12-31,1110
661270,5,2021-02-20,500
671948,4,2021-01-05,830
660478,1,2021-01-16,1730
660558,1,2020-12-24,190
660638,2,2020-11-24,430
660787,5,2021-02-12,1340
660819,1,2021-02-18,50
672223,3,2020-12-20,660
672255,1,2021-01-01,410
672319,3,2020-12-04,1430
672351,3,2020-12-01,380
672399,2,2021-01-16,90
661087,1,2021-02-01,220
661231,2,2021-01-25,310
661359,1,2020-11-21,680
672009,15,2020-12-25,330
672057,3,2020-12-11,520
660491,1,2021-02-04,330
660800,1,2020-12-14,700
660848,7,2021-01-02,180
660944,1,2021-02-03,20
660960,1,2020-11-24,60
661008,2,2021-01-13,90
672188,1,2020-12-30,190
672380,7,2021-01-04,240
672444,8,2021-01-25,80
672524,26,2021-02-11,1230
671856,4,2020-12-20,310
671888,16,2021-01-30,890
671904,10,2021-01-13,930
671936,8,2021-01-08,340
672160,1,2020-11-03,100
660562,2,2021-02-18,430
660610,1,2021-01-11,530
660775,1,2020-12-31,260
660823,6,2020-12-01,110
660983,1,2021-01-13,20
672179,1,2021-01-14,60
672291,22,2021-01-25,630
672483,5,2021-02-02,410
672499,5,2020-12-06,250
672515,2,2020-11-19,40
661315,2,2021-01-30,90
671930,8,2020-12-26,1160
671946,1,2021-01-07,60
671994,1,2021-01-24,10
672026,2,2020-12-20,40
672090,29,2021-01-21,470
660801,2,2020-12-28,50
660817,6,2021-02-13,380
672221,6,2020-12-23,130
672253,2,2021-01-01,310
672285,7,2021-01-18,150
672317,1,2021-01-18,360
672413,7,2021-01-04,110
672477,3,2020-12-29,340
672525,14,2020-12-10,240
661085,1,2021-02-13,20
661197,14,2020-12-04,510
661261,1,2020-11-29,590
660355,2,2021-02-01,150
671520,1,2020-11-12,1170
671536,18,2020-12-25,760
671632,3,2020-12-08,420
671648,2,2020-11-23,20
671728,6,2020-11-30,130
671776,1,2020-12-17,220
665267,2,2020-11-16,600
665347,2,2020-12-11,800
665363,11,2020-12-27,170
665427,3,2021-02-03,1350
665443,2,2020-11-22,150
671800,15,2020-12-04,1610
671864,6,2020-12-15,140
671911,5,2020-12-10,350
671975,1,2020-11-12,690
672071,2,2020-12-11,90
660537,2,2020-12-08,180
660729,2,2020-12-02,340
660942,1,2021-02-19,150
672202,9,2021-01-04,290
672250,22,2021-02-10,710
672298,1,2020-11-22,100
672330,4,2021-01-08,140
672442,4,2020-12-19,360
671926,6,2020-11-17,860
660472,1,2020-12-13,170
660520,1,2021-01-14,20
660568,1,2021-02-13,10
660584,6,2020-12-17,170
660765,1,2020-11-28,120
660781,2,2021-02-14,30
672201,1,2020-12-30,310
672217,2,2020-12-06,60
672297,1,2021-01-09,380
672313,1,2021-01-18,40
672409,11,2021-01-02,140
661417,3,2021-01-07,50
672703,3,2021-01-31,580
678173,6,2020-12-17,170
678253,1,2021-01-02,210
678301,1,2020-12-25,60
678365,9,2021-01-05,90
666932,2,2020-11-26,830
667092,2,2020-12-24,840
667220,7,2021-02-10,90
667284,1,2020-11-15,560
667412,1,2020-11-25,530
667460,1,2020-12-08,50
667508,1,2020-12-04,290
667620,1,2020-12-02,10
678418,2,2020-12-16,80
672584,9,2021-01-11,470
661672,1,2020-11-27,120
661688,2,2021-01-27,280
667245,6,2020-12-01,1470
667261,13,2021-01-22,290
667469,7,2021-01-11,370
667501,2,2021-02-14,350
667613,4,2021-01-22,80
678379,1,2020-12-14,20
672533,2,2020-12-24,60
672565,1,2021-01-15,110
672661,5,2021-01-26,370
661461,17,2021-02-24,1330
661637,2,2021-01-10,670
661717,4,2020-12-11,150
678163,1,2021-01-14,70
678323,3,2020-12-02,50
666954,2,2021-01-28,100
667306,1,2021-02-01,330
667370,1,2020-12-25,1750
667402,2,2020-11-11,1210
667434,4,2021-02-11,150
667450,12,2020-12-26,340
667466,2,2020-12-05,590
667546,9,2020-12-14,150
667578,12,2021-02-01,120
672550,2,2021-01-11,640
672614,1,2021-01-07,20
672694,4,2020-12-30,1450
672774,6,2020-12-10,140
661446,3,2021-01-13,680
661590,4,2021-02-08,200
661718,1,2020-12-28,690
678148,3,2020-11-13,60
678164,6,2021-01-16,110
678196,1,2021-01-20,20
678276,1,2020-12-19,30
678308,16,2020-12-16,290
666891,10,2021-02-18,760
666923,8,2021-01-29,90
666971,11,2021-02-16,110
667163,1,2021-01-29,1110
667179,24,2020-12-01,640
667339,1,2021-01-15,10
667371,2,2021-01-31,100
667403,1,2021-02-09,1300
667499,10,2020-12-28,150
667563,7,2020-12-30,410
658393,7,2021-02-14,110
672748,25,2021-01-19,490
672764,2,2020-12-23,760
661548,1,2020-12-19,150
661724,2,2020-11-30,80
678202,10,2020-12-07,180
667025,1,2021-01-27,1610
667121,1,2021-01-22,90
667169,2,2020-11-16,430
667281,2,2021-01-31,40
667297,3,2021-02-07,370
667345,1,2021-01-20,460
667361,3,2020-12-27,160
678383,1,2020-11-08,280
678415,1,2020-11-08,30
678447,3,2021-01-01,40
672551,9,2020-11-30,620
672567,3,2021-01-31,350
672775,4,2020-11-18,380
661479,4,2021-01-08,170
661591,1,2020-12-30,30
661671,1,2021-01-26,50
678133,2,2020-11-30,110
678213,2,2020-12-21,110
678341,1,2020-11-29,10
666892,2,2020-12-31,290
666940,1,2021-01-09,190
666956,7,2021-01-02,1150
667052,2,2020-11-23,970
667068,4,2021-01-12,410
667116,9,2020-12-27,470
667164,10,2021-01-16,350
667244,58,2021-02-12,1590
667276,3,2021-01-20,990
667292,2,2020-12-02,60
667340,12,2021-01-02,590
667372,1,2020-12-31,550
667420,1,2020-11-13,20
667452,8,2021-01-20,390
667548,30,2021-01-09,900
678394,1,2021-01-09,10
658251,1,2021-01-25,20
672590,2,2020-11-15,1270
678124,1,2020-12-14,10
678220,4,2021-02-01,310
666995,2,2020-12-04,100
667123,4,2021-01-06,320
667299,10,2021-02-17,710
667315,9,2020-12-21,740
667379,2,2020-12-02,1120
667395,17,2021-02-14,860
667427,2,2021-01-10,80
667491,2,2021-02-03,40
667555,3,2020-12-23,1490
667571,1,2020-12-29,20
658232,1,2021-02-09,40
672539,1,2020-12-17,30
672619,8,2021-01-18,1020
672715,2,2021-02-04,410
672747,2,2021-01-03,1070
661579,1,2020-12-08,560
661675,1,2021-02-10,50
678313,9,2020-11-23,330
678345,2,2020-11-17,70
666880,4,2021-01-08,1250
666960,2,2021-01-08,180
666992,16,2021-01-26,160
667232,1,2021-01-27,30
667360,13,2020-12-12,610
667440,12,2021-01-29,1590
667600,5,2020-12-23,670
672585,6,2021-01-07,1490
661657,1,2021-01-14,80
661737,2,2021-02-16,850
678151,7,2020-11-22,180
666974,13,2020-12-02,710
667022,12,2020-12-01,390
667070,25,2021-01-15,1310
667118,1,2020-12-16,10
667150,1,2020-12-18,20
667214,3,2021-01-09,150
667230,1,2020-12-13,750
667566,3,2021-02-12,320
667614,20,2021-01-12,1360
678428,1,2021-01-13,50
658266,1,2020-12-20,10
672557,4,2020-12-28,430
672701,3,2020-11-27,1440
672733,3,2021-01-11,40
661453,2,2021-01-07,400
661725,1,2020-12-25,160
678123,1,2020-12-02,120
678235,1,2020-12-16,430
678283,5,2021-01-04,90
666882,3,2020-12-07,200
667330,13,2020-12-05,260
667362,2,2020-12-26,790
667410,1,2021-01-29,430
667426,3,2021-02-06,70
667442,1,2020-11-26,600
667490,4,2021-01-09,130
667506,3,2021-01-20,720
672675,2,2021-01-07,470
672755,1,2020-11-20,110
661699,1,2021-02-10,110
667048,3,2020-11-30,1260
667080,3,2021-01-03,190
667144,4,2021-01-04,70
667160,15,2021-01-30,1530
667304,1,2021-01-29,40
667464,7,2021-01-08,110
667544,4,2021-01-01,440
667560,65,2020-12-24,1530
667592,1,2021-01-01,460
672580,1,2020-12-16,640
672708,28,2021-01-27,370
672756,20,2021-01-12,200
672772,1,2020-11-30,630
661716,2,2021-01-04,140
678162,5,2021-01-15,270
678242,3,2021-01-17,450
678370,11,2020-12-15,140
667129,3,2021-02-13,200
667193,28,2020-12-27,1370
667385,1,2021-01-29,100
667433,23,2020-12-22,1930
667449,2,2020-12-13,230
667465,4,2020-12-13,1450
672602,5,2020-12-15,160
672746,2,2021-01-20,850
672762,9,2021-01-23,240
672778,1,2020-12-15,120
661578,3,2021-02-16,100
661674,7,2021-01-09,100
678216,1,2021-01-16,280
678312,1,2020-12-14,100
678328,1,2020-12-31,50
666975,7,2021-02-11,900
666991,5,2020-12-29,420
667023,3,2021-01-02,30
667055,6,2021-01-05,220
667087,3,2020-12-12,240
667135,1,2020-12-26,570
667231,1,2020-12-02,710
667311,7,2021-02-20,1330
667327,6,2020-12-23,190
667375,23,2020-12-09,480
667407,3,2020-12-12,550
667455,4,2020-11-21,80
667535,3,2020-12-26,1300
678445,4,2020-12-31,90
672705,8,2020-12-06,640
661729,1,2020-12-16,90
678351,3,2020-12-12,140
667094,6,2021-02-23,220
667366,1,2021-01-16,580
667398,1,2021-01-24,30
667462,7,2020-12-12,980
678436,1,2020-12-27,40
678473,3,2020-11-15,30
662655,2,2021-01-05,240
674642,6,2020-12-14,110
674706,1,2020-12-23,170
674738,17,2021-02-04,320
674754,1,2021-01-07,20
674834,4,2020-11-26,330
674898,2,2020-12-16,20
664209,28,2020-12-10,580
664273,5,2020-11-29,620
664289,1,2021-01-04,700
678914,1,2020-11-08,70
679026,9,2020-12-28,90
679138,1,2021-01-26,470
679170,2,2020-12-11,390
668126,18,2021-01-31,1120
678539,5,2020-12-07,110
666159,8,2020-12-14,150
662433,3,2021-01-03,370
662465,1,2021-02-13,10
662705,1,2021-01-28,630
674628,7,2021-01-25,150
674692,3,2021-01-16,470
664195,35,2021-02-16,610
664323,8,2021-01-13,410
664339,1,2020-11-27,1650
678724,3,2021-01-03,140
678932,1,2020-11-19,20
679044,4,2021-01-11,40
679124,7,2020-12-01,180
668048,4,2020-12-20,240
668144,1,2021-01-24,20
678624,5,2021-02-03,150
678640,1,2020-12-01,40
674617,2,2020-11-27,250
674697,4,2020-12-18,840
674793,1,2020-12-06,60
674857,7,2020-11-15,190
664184,13,2021-01-08,520
664232,2,2021-01-31,20
664248,2,2021-02-02,710
664312,7,2021-01-31,480
664408,15,2021-01-05,230
678729,1,2021-01-03,20
678841,1,2021-01-16,40
678921,1,2021-01-09,60
679113,1,2021-02-01,30
679161,3,2020-12-19,350
679177,3,2020-11-17,60
668005,4,2020-12-13,90
668053,14,2021-02-14,550
678554,3,2020-12-19,30
678618,2,2020-12-28,20
666126,1,2021-01-10,60
662496,1,2021-01-09,1040
662560,3,2021-02-05,70
674627,3,2020-11-28,270
674723,1,2021-01-25,720
674755,1,2021-01-15,1050
674771,7,2020-12-05,1100
674787,2,2020-11-14,80
674819,1,2020-12-21,90
674851,14,2020-11-28,320
664210,1,2020-12-01,940
664258,1,2021-01-06,40
664386,1,2020-12-23,70
658010,4,2021-02-21,90
678803,2,2020-11-11,100
678899,2,2020-12-01,50
678915,1,2021-01-19,270
679075,1,2020-12-03,270
679139,2,2020-11-14,50
679187,2,2020-11-30,390
678590,3,2020-12-05,80
678638,1,2020-12-17,50
662436,3,2020-11-26,350
662612,10,2021-01-23,160
662692,11,2021-01-12,130
674823,3,2020-12-15,170
674871,1,2020-12-14,100
664246,10,2021-01-08,750
664342,1,2020-12-21,550
678727,6,2021-01-26,170
678935,1,2021-01-16,50
678983,2,2021-01-28,110
679015,2,2021-01-12,110
668035,4,2020-12-30,1280
668179,10,2020-12-28,610
668323,4,2020-11-28,1430
678588,6,2020-11-25,200
666144,1,2021-02-14,480
674661,16,2020-12-21,350
674709,3,2021-01-08,550
674821,3,2020-12-23,80
674837,1,2020-12-16,50
674885,2,2020-12-18,850
664196,2,2020-12-09,70
657948,3,2021-01-26,70
657996,3,2020-12-20,40
678677,1,2020-11-21,40
678741,2,2020-12-03,30
678757,2,2020-11-29,60
678853,2,2020-11-12,160
678933,1,2020-12-12,10
678997,10,2020-11-23,440
679013,8,2020-12-20,210
679141,1,2021-01-19,10
668017,1,2021-01-19,10
668065,1,2020-11-14,180
668145,4,2021-02-01,70
668209,4,2020-12-10,800
668225,2,2021-01-05,110
668241,1,2020-11-19,260
678525,6,2020-12-03,300
678653,2,2021-01-22,80
666177,3,2020-12-28,290
662499,6,2020-12-17,250
674630,1,2020-12-19,100
674678,1,2020-12-04,110
674758,7,2020-12-07,190
674806,2,2020-12-01,260
674886,3,2020-11-25,50
664165,10,2021-01-07,610
664213,3,2021-02-10,30
664277,4,2020-12-28,1220
657917,2,2020-12-20,80
679046,4,2020-11-26,70
667986,3,2021-02-08,100
668018,7,2020-12-20,480
668130,8,2021-02-08,1700
668242,3,2021-01-15,180
678631,1,2020-12-28,60
666107,1,2021-02-05,630
666155,1,2020-12-21,50
662541,2,2020-12-11,60
662589,1,2021-01-25,1550
674800,10,2021-01-15,390
674864,14,2020-12-18,430
674880,4,2020-11-24,290
664335,2,2020-12-14,60
664479,1,2021-01-24,520
678704,3,2020-11-14,30
679024,2,2020-12-09,50
679040,4,2020-12-16,80
679056,1,2021-01-29,70
678514,1,2021-01-21,10
678610,4,2020-12-05,200
662488,1,2021-01-09,80
662680,34,2020-12-03,400
674635,2,2020-11-28,70
674667,8,2020-11-27,160
674843,2,2020-12-13,290
674891,2,2020-12-21,350
664186,8,2021-02-07,1070
678667,8,2020-12-13,290
679115,4,2020-11-19,390
668007,1,2020-12-14,1630
668135,14,2021-02-20,240
668183,12,2021-02-04,740
668279,5,2020-12-01,1910
662430,1,2020-11-28,40
662542,2,2021-01-01,210
662638,8,2020-12-26,100
674609,2,2020-11-11,50
674641,3,2021-01-02,70
664304,2,2020-12-28,40
664320,1,2021-02-10,120
664384,4,2021-02-21,90
664448,5,2020-12-02,110
678673,1,2020-11-17,20
678705,1,2020-11-15,10
678753,4,2020-12-25,60
679105,6,2020-11-30,240
679169,1,2021-01-16,310
668189,2,2020-12-15,30
668205,1,2020-12-24,1080
666101,9,2021-01-22,250
662471,7,2021-02-01,110
662487,1,2021-01-04,320
662615,2,2021-02-03,290
674666,9,2020-12-18,240
674730,1,2020-11-02,20
674826,4,2020-11-28,130
664249,16,2021-02-19,1180
664473,1,2020-11-21,1010
657953,4,2021-01-23,160
678666,5,2021-01-17,530
678714,1,2021-02-04,50
678794,6,2021-01-11,170
678810,2,2020-11-27,400
678986,1,2020-12-02,60
679066,9,2020-12-06,230
679082,2,2020-11-10,50
679130,8,2021-01-16,220
668022,21,2021-02-08,260
668054,1,2020-12-21,510
668102,5,2021-01-23,380
668246,12,2020-12-30,190
679193,14,2020-11-11,240
672008,9,2020-12-19,290
660490,1,2021-01-17,570
660570,3,2021-01-26,550
660943,3,2020-12-22,510
672187,3,2020-12-25,240
672267,2,2021-01-16,1060
672315,2,2021-02-09,800
672459,7,2020-12-30,580
661291,1,2021-02-16,10
661307,2,2021-01-30,20
661339,1,2020-12-01,70
678463,5,2021-01-29,70
678543,4,2020-11-11,90
666099,1,2020-12-27,30
666115,28,2020-12-11,630
666131,1,2020-12-04,1460
662421,1,2020-12-18,380
662517,3,2020-11-24,1460
674664,2,2020-12-16,80
674760,11,2021-01-02,1100
674856,2,2021-01-23,330
664263,1,2020-12-24,30
664343,2,2020-12-18,820
678664,8,2021-01-12,260
678696,1,2020-11-30,50
678744,9,2020-12-21,510
678824,5,2020-11-28,350
678856,1,2020-11-20,70
678888,5,2021-01-19,450
679000,3,2020-12-23,40
679128,1,2021-01-09,170
679160,1,2020-12-17,340
668036,5,2021-02-04,520
668260,2,2020-11-23,40
666154,5,2020-11-19,100
666170,2,2021-02-10,260
662460,1,2021-02-03,1080
662476,1,2021-02-06,600
662540,8,2020-11-28,270
662556,1,2020-12-15,10
662572,1,2021-01-18,440
662684,3,2021-02-22,140
674623,1,2020-11-06,50
674751,2,2021-01-28,30
664222,1,2020-12-26,60
664270,5,2020-12-03,290
664430,3,2020-12-25,490
678831,8,2020-12-01,450
678863,2,2020-11-12,550
678895,6,2021-01-20,150
679167,2,2020-12-15,80
679183,6,2021-01-14,160
667995,3,2021-01-09,320
668011,1,2020-12-09,620
668107,27,2021-01-01,630
668139,12,2021-02-24,990
668187,9,2020-12-14,570
668235,10,2021-01-04,1200
668251,2,2020-12-11,260
668267,13,2021-01-21,770
678516,1,2020-12-04,50
666088,18,2021-02-05,280
666168,1,2021-01-12,170
674653,1,2021-02-02,230
674669,33,2021-01-08,490
674749,1,2020-12-07,100
674813,6,2021-01-16,1120
664204,3,2021-02-09,1120
664284,4,2020-12-08,110
664316,8,2021-02-04,190
664428,2,2020-12-26,440
678685,2,2020-12-30,70
678701,4,2021-02-01,510
678941,2,2021-01-20,40
679005,4,2020-12-13,150
679085,7,2021-01-13,160
668121,2,2020-11-27,150
668169,2,2021-01-16,860
668281,1,2020-12-30,210
679217,18,2020-12-24,430
679345,4,2020-11-05,150
668658,16,2021-01-25,350
668690,2,2020-12-31,390
668722,4,2020-12-26,230
668802,3,2021-01-14,120
668978,1,2021-01-11,40
674926,1,2021-01-03,140
674942,2,2020-11-23,120
675006,37,2020-12-16,820
662932,1,2021-01-21,50
663012,2,2021-01-20,800
675059,1,2020-12-06,10
675091,3,2021-01-05,530
675155,2,2021-01-10,30
675235,3,2020-12-08,200
675299,2,2020-11-09,80
658473,1,2020-12-03,130
658537,2,2021-02-18,70
658617,1,2020-12-22,160
668304,1,2020-11-27,250
668320,1,2020-12-11,50
679363,1,2021-01-07,20
679411,1,2020-11-11,60
679443,2,2021-01-23,100
679523,1,2021-02-02,140
668644,5,2021-01-24,130
668660,22,2021-02-17,1110
668740,1,2020-11-06,20
668868,10,2021-01-12,330
668932,2,2021-01-07,300
674912,5,2020-11-18,50
674944,7,2020-11-18,500
674976,2,2020-12-21,50
674992,2,2020-12-01,330
662710,8,2020-12-07,260
662774,2,2021-01-31,420
662790,1,2020-11-27,10
662886,5,2021-02-20,490
675157,4,2020-12-02,110
675189,1,2021-01-14,290
675269,5,2020-11-25,80
675301,3,2020-12-20,160
668335,1,2020-11-18,60
679218,1,2020-12-14,20
679314,1,2020-12-22,40
679330,16,2020-11-09,430
679394,5,2021-01-27,140
668659,11,2020-12-17,350
668675,4,2021-01-12,400
668787,1,2020-12-11,10
668803,1,2021-02-02,120
668835,1,2020-12-14,490
668867,9,2020-12-09,930
674975,2,2020-12-17,100
662837,2,2021-01-20,50
662885,1,2021-01-28,150
675044,10,2020-12-09,1060
675204,5,2021-01-22,80
675252,6,2021-02-07,170
658506,1,2021-02-24,20
658650,3,2021-01-13,400
658333,1,2021-02-19,30
672608,9,2021-02-03,570
672752,2,2021-01-31,40
672768,3,2020-12-26,200
661600,1,2021-02-04,30
661648,1,2020-12-22,90
661712,2,2021-01-25,80
678334,6,2021-01-15,100
678366,4,2020-12-15,190
666885,34,2021-02-16,350
666933,17,2020-12-19,380
667077,5,2020-12-24,1000
667189,4,2021-01-16,170
667237,1,2021-01-03,60
667285,7,2021-02-06,1450
667365,3,2020-11-29,170
667525,5,2020-12-28,460
667541,11,2021-01-17,880
678483,2,2020-11-30,70
668237,27,2020-12-09,530
668301,2,2020-12-25,30
679200,6,2021-01-12,210
679312,2,2020-12-15,230
679344,1,2020-11-12,60
679440,1,2021-01-20,50
679472,2,2020-12-14,70
668769,3,2021-02-15,350
668801,1,2020-11-23,990
668849,15,2020-12-28,600
668897,10,2021-01-22,1750
662851,8,2021-01-22,200
663011,1,2021-01-18,160
663043,1,2021-01-19,10
663059,1,2020-12-29,10
675026,14,2020-12-18,380
675202,4,2021-01-05,190
675330,1,2020-12-18,30
658568,2,2021-01-27,210
679231,2,2020-12-24,130
679311,2,2021-01-22,100
668640,41,2021-01-30,1620
668688,13,2020-12-19,1100
668848,1,2020-12-15,1750
668992,10,2021-01-07,990
674908,2,2020-11-22,80
662738,1,2020-12-18,60
662946,6,2021-01-21,130
675089,2,2021-01-11,360
675137,2,2021-01-31,510
675249,2,2020-12-03,180
658583,1,2020-12-23,10
679196,2,2020-11-24,330
679244,5,2021-01-05,240
679436,1,2020-11-25,70
679452,12,2020-11-13,410
679516,5,2020-11-26,110
679532,4,2021-01-15,60
668701,2,2020-11-18,300
668749,6,2020-12-22,170
668813,2,2020-12-19,30
668877,3,2021-01-06,110
668909,12,2020-12-28,640
668925,5,2021-01-30,1130
674905,2,2021-01-20,220
674969,10,2020-12-22,670
675001,4,2021-01-05,180
662815,3,2021-01-05,300
662863,8,2020-12-21,300
662991,3,2021-02-24,60
663007,5,2020-12-18,80
675022,1,2020-11-23,50
675182,3,2020-12-18,170
675214,6,2021-01-21,570
675278,6,2021-01-06,130
658468,7,2020-12-02,120
658692,1,2021-01-15,60
679337,13,2020-12-10,310
679481,1,2021-01-26,70
668634,6,2020-12-23,190
668730,11,2021-01-06,840
668762,4,2021-01-24,580
668794,3,2021-01-23,370
668858,10,2021-01-04,830
668986,11,2021-01-22,450
674934,3,2021-01-02,180
674950,1,2021-01-09,20
674966,4,2020-12-05,90
674998,6,2020-11-20,220
662796,10,2021-01-30,130
663068,7,2020-12-16,420
675035,10,2020-11-11,100
675131,2,2021-01-02,350
675211,3,2020-11-30,220
675307,5,2020-11-18,80
679336,2,2020-11-24,20
679496,1,2021-01-24,30
668649,16,2021-01-12,460
668729,4,2020-11-20,50
668745,1,2021-01-27,90
668777,3,2021-01-09,1460
668873,3,2021-01-13,150
668921,13,2020-12-01,1510
668985,4,2021-01-03,280
674981,14,2020-11-19,270
662875,5,2020-12-03,50
662923,1,2020-12-23,60
675034,2,2020-11-04,790
675146,5,2020-11-22,560
675226,6,2020-12-24,220
668311,4,2020-12-13,470
679290,4,2020-12-10,140
679418,2,2021-01-13,350
679466,4,2020-12-19,80
668779,6,2021-01-07,180
668811,14,2020-12-24,220
668827,4,2021-01-30,130
674951,1,2020-12-13,150
662797,8,2020-12-14,80
675052,2,2020-12-02,370
675100,15,2020-12-08,780
675116,3,2020-11-25,200
675132,4,2020-12-04,400
675196,1,2021-01-10,20
675260,1,2020-11-11,70
675308,2,2020-12-17,560
675324,4,2020-12-15,150
679444,1,2020-11-23,50
679508,1,2021-01-20,80
668629,8,2021-02-17,480
668661,2,2021-01-22,30
668693,4,2020-12-18,490
668821,2,2021-01-17,130
668917,5,2021-02-10,80
668933,3,2021-02-01,1300
674961,5,2020-12-23,300
674993,3,2021-01-09,1030
662823,1,2020-12-14,10
663031,1,2020-12-25,850
663063,3,2021-02-15,1100
675078,8,2020-11-14,470
675174,1,2020-12-30,10
675190,14,2021-01-23,300
675270,1,2020-12-03,80
658764,2,2021-02-18,30
679239,1,2020-11-29,90
679319,2,2020-11-25,40
679335,9,2020-12-22,190
668712,2,2021-01-12,170
668888,1,2020-12-18,90
668904,5,2020-11-18,970
674900,9,2021-01-23,700
674932,4,2020-12-20,480
675081,14,2021-01-22,580
675273,3,2020-12-29,40
658703,1,2021-02-12,120
658735,6,2020-12-09,160
679222,1,2021-01-21,10
679238,2,2020-12-09,30
679270,7,2020-12-20,250
679398,4,2021-01-22,110
679414,3,2021-01-22,160
679510,1,2020-11-14,10
668631,10,2021-01-06,380
668775,1,2021-01-01,190
668791,2,2021-01-14,210
668823,3,2021-02-03,230
668855,1,2020-11-23,210
674931,19,2021-01-27,350
674963,6,2021-01-20,220
674995,4,2020-12-13,100
662889,7,2020-12-23,400
662937,3,2020-12-01,310
663001,2,2021-01-30,640
663017,4,2020-12-26,180
663049,1,2020-12-23,10
675016,3,2020-12-20,110
675096,3,2020-11-23,140
675112,1,2020-11-13,30
675160,3,2020-11-20,530
658478,1,2021-01-12,20
658702,1,2020-12-03,20
679317,4,2020-12-24,320
679333,14,2021-01-26,470
679477,1,2020-11-19,190
668822,1,2020-12-18,1240
668902,13,2020-12-28,440
674930,2,2020-12-01,190
662808,3,2020-11-24,760
662888,1,2021-01-10,130
675287,3,2020-12-16,70
658509,2,2020-12-10,20
679310,1,2020-11-30,140
679358,1,2021-01-12,70
679486,5,2021-01-03,460
668671,1,2020-12-13,1440
668735,2,2021-01-03,1180
668799,1,2021-01-31,30
668815,1,2020-12-15,180
668863,1,2020-11-18,80
668911,3,2020-11-27,720
674907,1,2020-12-28,500
674955,1,2020-12-13,130
662817,1,2020-12-24,170
662961,1,2020-12-31,130
662977,5,2021-01-05,140
675008,2,2020-12-03,90
675104,1,2020-11-11,20
675120,2,2021-01-30,350
675184,3,2020-12-17,440
658598,1,2021-01-18,590
673110,1,2021-01-02,10
658319,1,2020-12-24,10
672578,1,2021-01-25,40
672706,1,2021-01-22,40
661538,1,2021-01-08,290
667127,4,2020-12-18,230
667175,11,2021-02-15,1260
667271,12,2021-01-26,440
667351,1,2020-11-20,120
667415,5,2021-02-15,410
667431,9,2020-12-06,1570
667607,3,2021-01-31,50
678437,1,2020-11-18,60
678579,2,2020-12-09,130
666087,9,2021-02-07,370
666103,9,2020-12-27,210
666135,17,2021-01-23,450
666151,2,2020-12-22,1380
666183,3,2021-01-29,1040
662585,2,2021-01-12,140
662617,2,2021-01-06,420
674748,3,2021-01-04,440
674844,3,2021-01-19,120
674860,9,2020-12-31,180
674876,1,2021-01-01,700
674892,3,2020-12-31,290
664267,2,2021-01-04,200
664347,2,2021-02-05,870
678780,4,2020-11-20,40
678844,1,2020-12-29,10
678972,3,2020-12-28,120
668056,3,2020-12-16,140
668120,10,2021-02-13,460
668184,6,2020-11-26,650
668216,3,2020-12-11,460
668280,6,2021-01-12,240
673194,10,2020-12-26,460
673383,1,2020-11-05,790
673415,7,2020-12-12,250
673495,4,2021-01-26,560
673543,1,2020-12-08,20
673591,14,2021-01-30,530
673655,1,2020-11-06,140
673671,12,2020-12-12,120
677296,6,2020-11-22,810
677344,2,2021-01-01,30
677424,5,2020-11-19,640
677456,7,2020-11-20,160
677488,4,2020-11-23,520
677520,2,2021-01-14,160
677536,2,2021-02-05,180
677552,1,2021-01-05,120
677568,17,2021-02-02,680
677584,1,2021-01-06,30
677632,2,2021-01-02,370
667666,17,2021-01-09,830
667714,22,2021-02-05,650
667826,10,2020-11-23,240
667874,1,2021-01-03,20
667938,2,2021-01-27,30
678065,1,2020-12-11,10
678097,1,2021-02-05,30
658777,1,2021-01-10,290
673097,1,2021-01-22,50
673193,1,2021-01-08,30
673225,22,2021-01-04,550
673241,3,2021-02-03,70
673289,1,2020-12-02,290
673398,8,2021-02-05,120
673414,8,2021-01-06,300
673526,1,2020-12-04,20
673622,10,2020-12-15,170
673638,7,2021-02-06,1310
673654,1,2020-11-25,50
677423,3,2020-12-03,150
677471,7,2021-01-08,230
677487,2,2020-12-08,210
677503,3,2021-01-17,90
667665,8,2021-02-16,1290
667729,2,2020-12-03,180
667761,3,2020-12-17,450
667857,12,2021-01-31,440
667873,1,2020-12-15,40
667889,1,2020-11-28,60
678096,3,2020-11-20,70
673099,18,2020-11-21,750
673371,1,2020-12-21,40
673496,2,2021-01-10,210
673512,1,2021-01-13,640
673544,1,2020-11-27,440
673624,9,2020-12-05,960
673640,3,2020-11-13,190
673656,8,2020-11-18,1130
673784,1,2020-12-20,350
673800,9,2021-01-04,690
677265,3,2021-01-07,110
677281,1,2021-01-01,630
677297,1,2021-01-21,760
677345,2,2021-02-06,30
677505,5,2020-12-27,720
659050,4,2021-01-04,110
667651,2,2020-11-12,50
667699,2,2021-01-07,20
673138,2,2021-02-08,20
673154,8,2020-12-27,740
673170,8,2021-01-27,340
673218,1,2021-01-17,290
673346,1,2021-01-07,190
673487,4,2020-12-20,90
673535,1,2020-12-28,30
673727,2,2020-12-27,580
677336,3,2020-12-30,230
677368,1,2020-11-30,80
677576,1,2021-01-22,100
677608,3,2020-11-29,460
677656,1,2020-12-25,30
658865,2,2020-12-11,80
667706,1,2020-12-30,190
667754,9,2020-12-11,90
667802,27,2021-02-16,580
667914,1,2020-11-23,30
667962,6,2020-12-20,550
678073,8,2021-01-29,210
678089,3,2021-01-01,190
658800,2,2021-01-12,320
673216,4,2020-12-19,560
673264,1,2021-01-19,320
673360,2,2021-01-18,610
673453,3,2020-12-30,40
673581,2,2020-11-30,230
673629,3,2020-12-27,770
673677,1,2020-12-11,40
673741,4,2020-12-09,160
677270,1,2020-12-02,20
677286,1,2021-01-24,130
677302,9,2021-01-31,300
677334,2,2020-12-14,510
677414,1,2021-01-14,570
677494,14,2021-01-04,180
677510,5,2020-11-15,550
658943,8,2021-01-11,220
667640,6,2021-02-07,230
667784,1,2021-01-24,10
667816,6,2021-01-25,510
667848,11,2020-12-25,1510
667896,8,2020-12-25,840
667912,1,2021-02-04,910
678119,2,2021-01-24,40
658807,2,2021-01-02,160
673127,8,2020-12-26,230
673143,2,2020-12-13,140
673223,13,2020-12-30,940
673239,7,2020-12-01,580
673303,6,2021-01-05,370
673412,3,2020-12-25,40
673508,3,2021-01-25,130
673684,6,2020-12-03,140
673764,1,2020-12-14,90
677453,2,2020-11-22,80
677485,4,2020-12-04,850
677597,1,2021-01-17,30
677629,11,2020-11-19,330
677645,2,2020-11-27,70
667919,5,2021-01-06,1730
667967,21,2021-01-29,930
673224,7,2021-01-10,590
673256,1,2020-11-19,60
673336,6,2020-12-06,1100
673429,2,2021-01-18,60
673445,1,2021-01-25,1220
673525,7,2020-12-05,260
673557,6,2021-01-07,590
673589,7,2021-01-22,990
673669,1,2021-01-22,140
677422,2,2020-12-16,30
677470,7,2020-11-28,250
677486,21,2021-01-08,450
677518,3,2020-11-28,260
677534,4,2021-01-01,350
667664,1,2020-12-22,1540
667680,3,2020-12-19,780
667792,2,2021-01-21,20
667936,2,2021-01-27,180
667952,19,2021-01-03,1750
678111,7,2021-01-24,140
673121,8,2020-12-10,980
673137,2,2020-11-29,30
673281,1,2020-12-10,40
673361,7,2020-12-28,240
673390,2,2020-11-29,90
673422,4,2020-11-06,60
673566,2,2021-01-23,140
673630,13,2020-11-11,350
673726,1,2020-12-13,30
677303,3,2021-01-31,130
677351,9,2021-02-01,230
677367,4,2020-12-15,50
677399,4,2020-12-29,430
677623,1,2020-12-16,650
658944,4,2021-02-19,190
659024,2,2021-01-21,20
659232,4,2020-12-18,160
667769,2,2021-02-13,350
667881,27,2021-01-30,1990
667961,3,2020-11-20,960
678088,7,2020-12-24,150
673190,1,2020-12-14,20
673238,7,2020-12-22,670
673254,1,2020-11-24,100
673270,5,2021-01-13,190
673334,12,2021-01-28,420
673366,6,2020-12-16,230
673523,18,2020-12-16,340
673539,1,2020-12-02,20
673555,1,2020-12-26,30
673635,1,2021-01-08,210
673651,1,2020-12-30,50
673747,3,2021-01-14,190
673763,3,2020-12-13,200
673795,1,2020-12-18,140
677340,5,2020-12-01,630
677356,7,2020-11-21,780
677388,1,2020-11-11,540
677580,3,2020-12-06,150
677612,1,2020-12-31,10
658917,3,2021-01-08,200
659077,1,2021-02-09,110
667694,2,2021-01-18,160
667758,1,2020-12-29,330
667886,3,2021-01-20,800
673260,9,2021-01-24,360
673324,3,2020-12-05,220
673385,1,2021-02-01,730
673433,3,2021-01-11,30
673481,3,2021-01-19,90
673657,2,2020-11-11,880
673673,3,2021-01-25,920
673721,1,2021-01-07,460
673769,8,2020-11-10,1380
673801,5,2020-12-18,420
677266,3,2020-12-11,910
677330,3,2020-12-21,730
677538,1,2020-11-23,670
658923,1,2021-01-19,10
659067,1,2021-02-08,60
667668,14,2021-01-21,490
667684,3,2020-12-01,650
667780,2,2020-12-11,100
667876,5,2021-01-01,150
667956,7,2021-01-17,480
667972,1,2020-12-26,280
678067,12,2020-12-07,140
673182,6,2020-12-16,610
673198,17,2021-01-13,580
673262,5,2020-12-22,50
673310,1,2020-12-28,60
673342,6,2021-01-03,110
673374,4,2021-01-22,60
673387,19,2020-12-13,1400
673435,3,2021-01-29,250
673451,7,2021-01-29,90
673483,1,2020-12-21,20
673579,1,2021-01-01,960
673611,7,2021-01-05,670
673659,4,2021-01-05,190
673739,1,2020-12-25,80
673771,1,2021-01-07,310
673803,6,2020-12-23,260
677268,3,2021-01-28,60
677364,16,2020-12-31,240
677588,4,2020-12-17,50
667702,2,2020-12-02,170
667734,5,2021-02-06,180
667766,2,2020-12-17,310
667894,2,2020-11-28,70
667910,3,2020-12-06,30
673119,4,2020-11-30,1210
673263,4,2020-12-30,600
673295,4,2020-11-15,260
673788,3,2020-12-13,380
677269,12,2020-11-20,260
677445,5,2020-12-25,330
677493,3,2021-01-25,160
667751,5,2020-11-19,150
667911,1,2020-12-15,1080
673124,2,2020-12-17,350
673188,9,2021-01-21,330
673220,4,2020-11-27,280
673252,1,2021-01-02,40
673300,1,2021-01-23,270
673316,5,2021-01-31,120
673425,2,2021-01-20,50
673553,9,2020-12-29,1160
673601,2,2020-11-21,150
673617,2,2020-12-17,160
673681,10,2020-12-14,320
677370,3,2020-12-05,90
677402,19,2020-12-19,470
677498,4,2020-11-18,50
667676,19,2021-01-23,1670
667708,1,2020-12-10,140
667772,1,2020-11-29,190
667820,6,2020-12-10,60
667964,2,2020-11-18,780
678075,5,2020-11-10,160
673325,1,2021-01-10,750
673341,9,2021-01-04,230
673386,2,2020-12-07,90
673402,1,2020-11-19,30
673434,1,2021-01-21,330
673482,35,2021-01-19,1160
673610,3,2020-12-11,120
673658,3,2020-11-21,1120
673754,16,2020-12-28,430
673770,16,2021-01-13,340
677315,6,2021-02-02,110
677347,4,2020-12-02,190
677411,9,2020-12-23,160
677443,14,2020-12-15,270
677475,5,2021-01-24,280
677491,2,2020-12-27,30
677507,10,2020-12-21,430
667637,1,2021-01-23,20
667701,3,2021-01-11,90
667765,2,2020-12-02,630
667829,1,2021-01-21,200
678100,1,2020-11-11,20
679259,2,2020-12-03,250
679291,4,2020-11-10,260
679323,1,2021-01-07,10
668636,7,2020-12-09,550
668684,15,2021-01-28,150
668812,2,2020-12-17,510
668972,1,2020-12-11,170
674952,5,2020-11-22,50
675000,1,2020-11-11,30
662846,1,2021-01-04,40
662958,2,2021-01-13,790
675069,1,2021-01-20,160
675117,2,2021-01-23,350
675149,5,2021-01-31,180
675181,21,2020-12-12,800
675293,1,2020-12-01,50
658755,1,2020-12-09,30
678581,1,2020-12-29,210
662475,6,2020-12-03,100
662699,1,2021-01-03,450
674878,7,2021-01-01,190
664381,5,2021-01-13,530
664397,1,2021-01-06,150
678670,4,2021-01-15,240
679070,1,2021-01-05,20
679102,1,2020-11-08,110
668074,4,2021-02-03,60
668186,9,2021-01-05,680
668202,1,2020-11-29,40
674357,4,2020-12-16,470
674373,1,2020-12-23,520
674389,3,2020-11-08,100
674421,1,2020-11-23,680
674437,1,2020-12-07,890
674469,3,2021-01-02,360
674485,2,2020-12-02,100
674581,6,2020-12-12,90
674597,3,2020-12-04,270
665849,14,2021-02-08,340
665897,4,2020-12-10,300
665913,1,2021-02-01,20
677782,1,2021-01-25,40
677830,2,2020-11-25,490
678006,1,2020-12-02,40
658419,3,2021-01-12,150
672842,1,2021-01-18,1340
673002,1,2020-12-23,50
674214,12,2020-11-30,240
674342,1,2020-11-06,130
674582,8,2020-11-29,380
674598,7,2020-12-07,480
665898,1,2021-02-08,60
665914,8,2021-02-15,600
666010,12,2020-12-24,420
666026,9,2021-01-14,800
677687,5,2020-11-21,270
677719,1,2020-12-16,10
677735,15,2021-01-25,440
677751,5,2020-12-15,140
677831,4,2020-12-07,100
677847,1,2020-11-13,60
672811,2,2021-01-05,60
672923,1,2020-12-02,110
673019,10,2020-12-13,370
673067,9,2020-12-29,90
674231,2,2020-12-19,300
674263,6,2021-02-07,130
674359,3,2020-12-07,270
674439,14,2020-11-25,600
674519,2,2020-12-23,60
674583,3,2020-12-17,70
665883,7,2020-12-17,420
665947,17,2021-01-06,360
665979,15,2021-01-10,1040
677816,2,2020-12-13,120
677912,6,2020-11-26,90
677928,2,2020-12-26,20
677976,11,2020-12-18,180
672828,2,2021-01-14,160
672876,13,2020-12-21,620
672908,2,2021-01-31,860
673004,11,2021-02-09,370
673036,4,2021-01-03,300
673084,22,2020-11-21,320
674324,1,2020-11-06,150
674372,13,2020-12-27,440
674436,3,2021-01-07,1080
674564,4,2020-11-16,1190
674580,6,2021-01-01,140
665832,35,2021-01-23,860
665880,20,2021-02-11,430
665912,1,2020-12-18,690
665944,2,2020-12-23,380
666024,22,2020-12-19,260
666040,6,2021-02-17,1070
677781,10,2020-12-13,290
677845,3,2020-11-15,70
677861,5,2021-01-10,270
677973,9,2020-11-12,230
678053,1,2020-11-06,10
672793,5,2020-11-20,620
672841,3,2020-11-05,40
672937,3,2020-11-14,990
674254,10,2020-12-13,150
674302,2,2020-12-03,20
674366,1,2020-11-29,90
674382,1,2021-01-24,20
674478,1,2020-11-23,10
665842,3,2021-01-19,260
665858,1,2021-02-03,20
665922,15,2020-12-22,1450
665970,1,2021-01-04,100
666050,1,2020-12-07,30
666066,22,2021-01-21,760
677679,1,2020-11-18,140
677711,13,2021-01-17,370
677775,2,2020-11-27,550
677839,3,2020-12-20,160
677999,1,2020-11-06,60
678031,1,2021-01-20,30
672787,3,2020-12-08,30
672899,4,2020-12-10,1320
672963,1,2020-11-21,590
673075,1,2020-11-10,80
673091,2,2021-01-25,180
674211,5,2020-12-08,110
674323,2,2021-01-19,50
674547,1,2020-12-25,40
674563,4,2020-12-17,190
674595,13,2021-01-03,350
665831,4,2020-12-14,290
665943,2,2020-12-08,60
665991,8,2020-12-18,110
677700,6,2020-11-25,110
677732,2,2020-11-28,140
677924,1,2020-12-12,530
672792,4,2020-11-03,230
672872,1,2020-11-27,90
672968,2,2020-11-19,440
673016,7,2021-01-03,160
673080,1,2021-01-23,610
674432,1,2021-01-14,160
674448,2,2020-12-19,80
674464,1,2020-12-03,770
674592,4,2020-11-26,130
665876,2,2021-02-05,180
665892,12,2021-01-03,410
666052,2,2020-11-10,1110
677777,1,2020-11-26,290
677809,3,2020-11-17,330
677857,1,2021-01-18,160
677889,2,2021-02-04,30
678017,9,2020-11-16,120
672789,4,2021-01-01,40
672821,8,2021-01-02,290
672965,1,2020-11-24,970
672981,3,2021-02-01,300
673013,9,2021-01-11,570
673045,3,2020-11-15,30
674457,14,2020-12-17,240
674489,1,2021-01-20,140
674537,1,2020-11-11,150
665965,2,2021-02-01,60
665997,1,2020-11-25,190
677754,1,2020-11-18,700
677802,1,2020-12-07,110
677914,2,2021-01-30,370
678010,1,2020-12-01,10
678042,1,2021-01-21,190
672862,3,2020-11-20,80
672878,1,2020-12-15,130
672958,4,2020-12-27,150
673022,14,2021-01-26,310
673086,11,2020-12-13,150
674322,3,2020-12-10,200
674370,2,2020-12-25,520
674594,10,2021-01-21,510
665942,13,2020-12-29,290
666006,1,2020-12-12,220
677699,1,2021-01-26,170
677731,4,2020-12-18,210
677795,2,2020-12-26,320
672791,5,2020-11-22,630
672871,9,2020-12-02,290
673015,2,2021-01-09,100
673047,9,2020-11-23,600
673079,2,2021-01-29,260
674280,9,2020-12-19,200
674328,3,2020-11-29,440
674392,1,2020-12-19,280
674424,1,2020-12-01,410
674584,1,2020-12-09,140
665868,1,2020-12-20,720
666012,3,2020-11-22,320
677945,1,2021-01-27,10
672877,7,2020-11-29,200
672893,4,2020-11-29,120
672989,1,2020-12-22,100
674235,8,2021-02-10,160
674315,4,2020-12-16,60
674443,1,2021-01-05,110
674475,1,2020-12-16,1020
674539,1,2021-01-09,210
665855,10,2021-01-12,280
666031,1,2021-01-29,800
677676,3,2020-12-19,70
677692,4,2021-01-27,140
677788,2,2020-11-18,160
677932,2,2020-12-22,30
677980,4,2020-12-21,730
678028,9,2021-01-06,220
658425,4,2021-02-17,170
668702,61,2021-01-26,1100
668830,1,2020-12-20,1750
668942,1,2020-11-03,20
668990,4,2021-01-14,560
674986,2,2021-01-30,130
662784,7,2021-01-04,100
662976,11,2020-12-01,580
663040,7,2021-02-02,390
675103,4,2021-01-07,180
675119,3,2021-01-25,260
675135,2,2020-12-14,450
675167,1,2020-12-04,200
675231,10,2020-12-30,100
675263,8,2020-11-21,600
658629,1,2020-12-12,70
658677,1,2021-02-19,20
674314,4,2021-01-24,280
674394,1,2020-12-17,710
674410,1,2020-12-13,20
674506,3,2020-12-18,160
665870,3,2020-11-10,30
665950,12,2020-12-29,700
665982,3,2020-12-04,70
678027,10,2021-01-30,190
672815,29,2021-02-08,830
672831,9,2021-01-30,410
672895,5,2020-12-08,370
672927,6,2020-11-22,170
674300,1,2021-01-03,20
674460,14,2020-11-20,410
674508,5,2020-11-18,290
674556,2,2021-01-11,80
674572,2,2021-01-05,20
665824,2,2020-11-25,130
665888,6,2020-11-29,60
666032,1,2020-12-28,80
677837,4,2021-01-04,90
672785,4,2021-02-10,1100
672849,2,2021-01-11,1000
672897,1,2020-11-15,40
672977,3,2020-12-31,610
673009,2,2020-12-24,70
674413,2,2020-12-27,820
674461,11,2021-02-09,500
666001,48,2020-12-19,480
666033,2,2021-02-12,460
677662,6,2021-01-28,740
677726,4,2021-01-24,200
677806,8,2021-01-19,150
677822,10,2020-11-12,480
677934,3,2021-01-09,60
658459,1,2021-01-31,280
672866,8,2021-01-27,630
672914,2,2021-01-10,570
672962,6,2021-01-28,830
672994,3,2021-01-17,310
673042,3,2021-01-10,80
673058,2,2021-01-07,190
661980,2,2020-11-27,60
662012,1,2020-12-31,10
662044,2,2021-02-14,580
662124,13,2021-01-31,390
662156,7,2021-01-27,730
665160,2,2021-02-04,130
665224,2,2021-01-21,1160
661790,3,2020-11-28,580
662046,1,2020-12-25,40
664922,2,2021-01-26,200
665050,2,2021-02-12,760
665194,1,2021-01-04,60
661979,1,2021-01-25,110
662107,2,2021-02-21,40
662155,2,2021-01-02,20
665095,1,2020-11-17,1410
662093,1,2021-01-13,70
664889,3,2021-01-18,1250
664905,1,2020-12-24,420
664937,5,2020-12-20,300
665129,1,2020-12-19,360
661797,1,2021-01-13,720
661813,4,2021-01-03,520
661989,10,2020-12-16,620
664961,5,2021-02-08,1150
665153,3,2021-02-08,80
661738,3,2020-12-26,60
661770,4,2021-02-17,660
665014,1,2020-12-01,10
665190,1,2020-12-12,30
665222,2,2021-02-07,1150
662114,1,2021-02-14,10
664894,3,2021-01-28,180
665086,29,2021-01-04,940
665118,3,2021-01-10,170
665150,4,2020-12-16,450
661993,6,2021-01-14,460
662153,2,2021-01-22,160
664981,18,2021-01-13,750
664997,1,2020-12-22,1190
665013,4,2020-12-24,640
665061,11,2021-01-29,140
665141,1,2021-02-16,100
661744,1,2020-11-24,20
661776,2,2021-01-05,500
661792,1,2021-01-11,20
662000,1,2021-02-14,670
665148,4,2021-01-19,270
661743,1,2020-12-20,80
661855,1,2021-02-20,100
664907,8,2021-01-02,300
664923,13,2021-01-23,1230
665019,3,2021-02-10,360
665147,2,2021-01-06,50
665227,3,2020-11-18,200
661831,1,2021-02-11,150
662039,2,2021-01-31,40
662071,2,2021-01-27,280
662119,2,2020-12-09,50
664915,12,2020-12-29,220
665091,1,2021-01-17,30
665155,3,2020-12-19,740
673157,1,2021-01-08,1230
673221,6,2021-02-07,280
673349,25,2021-02-13,310
673538,2,2020-12-12,30
673554,2,2021-02-02,280
673618,1,2020-12-08,1400
673714,2,2021-01-05,70
677339,3,2020-11-27,270
677371,1,2020-12-07,310
677387,3,2020-11-26,660
677419,7,2021-01-29,220
677499,5,2021-01-28,360
677643,5,2021-01-04,230
659140,1,2020-12-17,10
667805,1,2021-02-01,140
667869,5,2021-01-17,310
667885,11,2021-01-01,610
667917,2,2020-12-26,780
664957,17,2021-02-09,470
665133,2,2020-12-22,20
665181,4,2021-01-18,430
665229,1,2021-01-14,170
661763,2,2020-12-03,50
665151,1,2021-01-21,770
665231,13,2021-01-14,780
661780,9,2021-02-06,400
661892,3,2021-02-20,70
664960,2,2020-12-02,60
665056,3,2020-12-22,40
665168,1,2021-02-02,10
674273,3,2021-01-25,110
674337,1,2020-12-23,520
674369,2,2020-12-11,90
674385,4,2020-12-15,150
674417,2,2020-11-25,50
674433,30,2021-01-11,880
674529,1,2020-12-10,100
674561,1,2021-01-04,40
666053,1,2020-12-16,120
677698,4,2020-11-14,390
677826,1,2020-12-02,470
677906,1,2021-01-12,20
677970,1,2020-12-05,40
672822,22,2021-02-07,440
672838,2,2020-11-07,130
672902,1,2020-12-21,140
672934,7,2020-12-20,440
673030,2,2020-11-06,30
673078,3,2020-11-28,50
661752,2,2021-02-14,170
661800,3,2021-02-12,740
661896,4,2020-11-29,1430
664916,11,2021-02-20,640
662236,3,2021-01-14,800
673868,5,2021-01-28,130
673916,3,2020-11-28,80
673980,3,2020-12-02,300
674012,11,2020-12-23,300
674156,1,2020-11-23,30
665758,2,2021-02-03,250
680442,2,2021-01-22,30
659349,1,2021-01-12,220
669000,13,2021-02-12,390
669048,1,2020-12-05,1330
669208,6,2021-01-09,880
669288,15,2021-02-11,390
680459,4,2020-12-01,220
680507,4,2021-01-02,250
680523,1,2021-01-14,10
680651,6,2020-12-12,80
676972,7,2020-12-29,300
677020,1,2020-11-28,260
662283,7,2021-01-02,650
673819,1,2021-01-17,130
673947,1,2020-12-05,30
673963,4,2020-11-20,210
674075,6,2021-01-01,90
674091,2,2020-12-01,80
674155,5,2021-01-07,150
680409,2,2020-12-06,250
659268,1,2021-02-14,80
659556,1,2021-02-11,10
668999,2,2020-11-21,780
669079,1,2021-01-11,1430
669111,2,2021-02-01,20
669207,8,2021-02-13,120
669319,20,2021-01-07,580
680522,1,2021-01-06,90
680538,2,2020-11-28,80
680570,3,2021-01-15,330
680586,3,2020-11-06,50
680602,4,2020-11-05,90
680634,1,2020-11-30,50
676859,4,2021-01-02,670
676891,1,2020-11-21,370
676971,1,2020-11-09,30
662174,1,2021-01-02,900
662318,2,2021-01-20,20
673934,2,2020-12-15,100
673950,2,2021-02-05,170
674142,7,2020-12-05,670
674174,1,2021-01-31,80
665632,17,2020-12-15,330
680316,10,2020-12-18,140
680412,2,2020-11-19,60
659335,2,2021-02-22,100
669018,4,2020-11-25,1690
669098,14,2021-01-12,620
669226,1,2020-11-07,640
669242,7,2021-02-01,310
669290,8,2020-12-27,660
669322,10,2021-01-11,860
669338,7,2021-01-08,140
669354,2,2021-01-07,170
680477,1,2020-11-06,50
680525,3,2020-12-08,30
680557,2,2020-11-30,70
680573,4,2020-11-26,130
676926,9,2020-11-26,300
676958,7,2020-11-26,210
676990,3,2020-12-06,340
677022,1,2020-12-12,220
677054,4,2020-11-30,130
662165,5,2020-12-03,360
662309,2,2021-01-24,50
662389,2,2020-12-24,100
673829,4,2020-12-16,1260
673845,5,2020-12-31,220
673973,8,2021-01-12,400
674117,6,2020-12-25,200
674149,2,2020-12-16,40
665735,6,2021-02-14,1310
665799,1,2020-11-28,900
680291,5,2021-01-26,90
680307,2,2020-12-26,300
680355,3,2020-11-28,250
680419,1,2020-12-26,30
680451,1,2020-11-29,160
659438,12,2020-12-17,270
659454,1,2020-12-01,370
669073,1,2021-01-03,20
669153,2,2020-11-21,1450
669217,7,2021-02-13,590
669265,3,2021-01-25,1260
669345,4,2020-12-19,160
680468,1,2020-12-29,220
676981,3,2020-12-18,200
677061,6,2020-12-01,270
662189,3,2021-01-08,130
662285,1,2020-12-18,1510
662301,5,2020-12-18,150
662317,1,2021-01-05,50
673837,2,2020-12-24,130
673917,1,2020-12-16,730
674125,2,2020-12-14,60
665647,9,2021-01-21,550
680283,6,2020-12-31,190
680299,1,2020-12-27,50
680443,2,2021-01-11,40
659382,1,2020-12-29,10
659510,10,2021-01-18,200
659558,7,2021-01-27,100
669081,8,2021-01-06,130
669145,2,2021-02-05,490
669241,5,2021-02-06,1130
669337,1,2021-01-21,940
669401,9,2021-01-29,90
680556,1,2020-12-11,70
676877,3,2021-02-04,400
676909,24,2021-01-24,310
677069,4,2021-01-30,150
677085,2,2021-01-12,210
662227,2,2021-02-23,460
662259,1,2020-12-26,170
673811,1,2021-01-13,780
673907,16,2021-01-23,600
673923,6,2020-12-27,880
674019,10,2020-12-14,350
674147,3,2021-01-15,1050
674163,12,2020-11-22,1140
665621,12,2020-12-14,190
665637,2,2020-12-11,220
665653,4,2021-01-21,290
680369,1,2021-01-24,90
680433,3,2020-11-22,150
659260,1,2021-01-26,40
659324,5,2021-01-23,520
669055,1,2021-01-23,30
669087,4,2021-02-03,870
669119,2,2020-12-28,220
669183,10,2020-12-17,470
669199,2,2020-11-19,80
669247,2,2021-01-05,150
669279,5,2020-11-28,740
669343,1,2021-01-20,80
669359,2,2020-12-30,160
680466,1,2020-12-16,20
676899,7,2020-12-02,250
676931,3,2020-11-21,100
676947,1,2020-12-05,310
676963,5,2021-01-04,50
677027,3,2020-12-20,30
677043,4,2020-12-30,140
662199,1,2020-12-06,110
662391,3,2021-01-06,460
662407,11,2021-02-16,190
673831,4,2021-01-07,500
673911,3,2021-01-04,140
674039,1,2020-11-07,500
674087,2,2021-01-09,60
674151,2,2021-01-10,90
665705,1,2020-12-16,10
680277,1,2020-11-13,40
680373,1,2020-12-13,60
680389,2,2020-11-16,70
669011,3,2021-01-18,470
669043,2,2020-12-17,70
669139,11,2021-02-20,290
669331,2,2020-12-16,820
669411,4,2020-11-24,750
680470,1,2021-01-26,290
680614,1,2020-11-04,140
680710,1,2020-12-07,20
676903,18,2020-11-18,420
676951,2,2020-12-09,350
662225,1,2020-11-29,850
674001,1,2021-01-14,30
674129,13,2020-11-20,280
674177,23,2021-01-09,730
665667,4,2021-01-24,1220
680399,5,2020-11-07,100
680415,1,2020-12-19,20
669037,5,2021-01-06,130
669085,2,2021-01-15,110
669101,8,2020-11-30,1290
669309,7,2021-01-11,460
669373,1,2021-01-17,1530
680608,3,2020-12-10,30
680720,5,2020-11-16,60
676913,2,2021-01-29,110
676945,15,2020-12-28,360
677105,2,2020-11-17,590
673962,1,2020-11-09,550
673994,6,2021-01-29,390
674010,2,2020-12-18,40
665740,1,2021-01-07,10
680408,3,2020-12-23,140
659251,1,2021-01-26,10
659331,3,2020-12-05,420
669046,5,2021-01-17,1450
669126,15,2020-12-29,270
669142,3,2020-11-19,90
669174,2,2020-12-01,380
669238,19,2021-02-16,460
669254,1,2020-12-27,340
680633,4,2020-11-14,120
680665,1,2021-01-17,20
676906,16,2020-11-22,390
676922,1,2020-11-12,180
677082,1,2020-11-18,140
662208,4,2021-02-14,1090
662256,1,2020-12-16,10
662288,5,2021-02-04,120
662304,1,2021-01-25,130
662320,14,2021-01-12,1040
673904,2,2020-12-15,450
673936,2,2021-01-29,280
673952,13,2021-01-17,630
674048,2,2020-12-17,150
665650,1,2020-12-28,150
665682,1,2020-11-26,170
665778,6,2020-11-30,360
680334,1,2020-11-05,130
680366,4,2020-11-11,250
680382,4,2020-12-08,50
680414,3,2020-11-26,40
659241,3,2021-02-16,70
659385,1,2020-11-29,20
659401,20,2021-01-08,420
659513,1,2021-02-03,30
669116,20,2021-02-23,640
669148,4,2020-12-08,40
669260,2,2021-01-21,430
669292,10,2021-01-27,160
680495,6,2020-11-21,320
680511,4,2020-12-14,270
680527,2,2020-12-09,30
680559,6,2020-12-15,130
680623,1,2021-01-09,140
680655,1,2021-01-16,60
677040,2,2020-12-10,130
677088,2,2020-12-15,50
677120,3,2021-01-12,360
677216,4,2020-12-22,870
677232,13,2020-12-19,290
673812,1,2021-02-05,130
673828,11,2021-01-27,230
674020,2,2021-01-29,1110
674068,2,2020-11-24,40
674180,6,2021-01-22,1000
665702,40,2021-02-18,830
680322,1,2020-11-18,40
680338,1,2020-12-05,50
680354,1,2020-12-25,50
659341,1,2021-02-21,20
659357,6,2021-01-05,230
659389,4,2021-02-05,60
659453,2,2021-02-09,20
669040,14,2021-01-25,370
669104,9,2021-02-16,210
669200,2,2020-12-02,130
680547,4,2021-01-07,200
676868,4,2020-12-20,780
676932,1,2020-11-17,110
676948,16,2020-12-20,530
677060,4,2020-12-08,450
677108,1,2020-11-30,370
677140,2,2020-12-17,20
677156,1,2021-02-05,30
662210,4,2020-12-10,130
662338,1,2020-12-12,900
673826,9,2021-01-02,1040
673970,7,2021-01-28,700
673986,40,2021-02-02,630
674066,12,2020-12-20,180
674178,9,2021-01-10,1310
674194,7,2021-01-18,420
665668,2,2020-12-02,1340
665700,2,2020-12-28,80
665780,2,2020-12-25,830
680336,2,2020-11-17,130
680384,1,2020-11-24,40
680416,1,2020-11-27,100
669054,5,2021-02-24,510
669182,5,2021-02-09,60
669198,3,2020-12-03,1670
669230,1,2020-12-10,1030
669246,3,2021-01-03,200
669358,2,2020-11-26,60
680481,1,2021-01-07,90
680497,1,2021-01-21,210
680609,4,2020-11-15,100
676898,17,2020-12-25,380
676978,1,2021-01-10,30
677042,1,2021-01-12,50
677058,1,2020-12-08,10
662249,5,2021-01-31,280
673913,13,2021-01-28,340
673993,1,2021-01-11,50
674025,7,2020-12-20,110
674105,4,2020-12-28,190
674121,6,2020-12-10,1040
665691,8,2020-12-26,1210
659250,1,2021-01-31,370
669045,45,2020-12-27,1100
669093,18,2020-12-04,750
669125,5,2020-12-27,50
669141,19,2020-12-27,780
669205,23,2021-02-14,1260
680552,1,2020-11-22,40
680584,1,2021-01-05,100
680632,2,2020-12-06,230
676873,5,2020-11-20,500
676937,2,2020-12-29,150
677113,1,2020-12-20,20
677241,17,2020-12-06,600
662271,2,2020-12-14,220
673823,9,2020-12-03,750
673855,15,2020-12-22,310
674015,13,2020-12-07,130
674031,1,2021-01-31,220
674063,3,2021-01-08,40
674095,4,2021-01-21,740
674111,6,2020-12-14,60
665649,2,2021-02-11,80
665809,16,2020-12-30,480
680317,1,2020-12-19,110
680397,1,2020-12-08,230
680429,4,2020-12-07,350
669051,4,2020-12-24,990
669115,11,2020-12-03,170
669227,4,2021-02-11,40
669243,4,2021-01-05,140
669275,13,2021-02-06,200
669323,8,2021-01-22,140
669339,9,2020-11-12,380
669355,3,2021-02-13,240
680622,2,2021-01-05,20
677007,7,2021-02-06,180
677119,40,2020-12-11,830
658851,1,2020-12-25,40
673139,5,2020-11-27,140
673219,1,2020-12-02,10
673251,1,2020-12-29,290
673315,17,2020-12-05,570
673520,4,2020-12-18,100
673584,2,2021-01-24,280
673600,9,2020-11-24,460
673744,14,2021-01-21,210
677305,1,2020-12-23,30
677353,18,2020-12-25,310
677417,1,2020-12-29,100
677481,5,2021-02-06,360
677497,7,2021-01-23,430
677545,1,2021-01-27,260
677561,2,2020-11-23,320
677625,9,2021-02-06,580
677641,1,2020-12-10,350
667627,20,2021-02-21,840
667659,7,2020-12-15,760
667707,3,2020-12-22,110
667803,15,2021-02-13,910
667819,3,2021-01-12,250
667851,3,2021-02-05,180
667979,2,2020-12-24,1020
674223,3,2021-01-30,920
674287,2,2021-01-16,40
674319,1,2021-01-30,120
674367,6,2020-12-13,150
674527,4,2020-12-24,290
674591,9,2021-01-04,240
665923,1,2020-11-20,40
665987,3,2020-12-13,110
666019,1,2020-12-03,370
677760,1,2020-12-24,80
677808,2,2021-01-02,100
678000,1,2020-12-12,40
658429,1,2021-01-10,10
672916,2,2021-01-15,120
672980,8,2021-01-11,270
672996,18,2020-12-13,630
673060,1,2020-11-22,1100
673076,2,2020-11-25,1380
673092,1,2020-11-16,810
661990,1,2020-12-23,610
662086,1,2020-12-28,10
665042,4,2021-01-13,280
665122,10,2021-01-14,390
677083,4,2020-12-23,680
677115,14,2021-01-25,170
677131,1,2020-12-27,100
677147,1,2021-01-08,20
677163,3,2020-12-14,90
677179,7,2021-02-04,510
663953,1,2021-02-08,10
664033,4,2020-12-24,200
664145,2,2021-02-09,180
657185,1,2020-12-18,70
657507,1,2020-12-05,30
657523,1,2021-02-24,70
670394,6,2020-12-27,650
670602,7,2021-01-08,1890
670650,1,2020-11-08,210
670666,33,2021-01-31,690
670682,2,2021-01-30,1300
670730,16,2020-12-25,290
681291,1,2021-01-16,40
681435,2,2020-12-29,30
681563,1,2020-11-03,10
677084,4,2021-01-04,320
677100,3,2020-11-25,280
677228,6,2021-01-19,120
663906,1,2020-12-17,500
663954,3,2021-01-16,150
664002,4,2021-02-05,640
664082,1,2020-12-31,70
664098,1,2021-01-31,220
657250,2,2021-01-14,20
657796,1,2020-12-22,60
657876,1,2021-01-23,10
670395,1,2021-02-12,360
670555,44,2021-02-13,1390
670571,11,2021-02-03,800
670619,16,2021-01-08,1040
670715,14,2021-01-19,370
681324,1,2020-12-15,20
681404,1,2021-01-23,30
681580,2,2020-12-03,40
677117,1,2021-01-08,610
677149,11,2020-11-17,550
677165,2,2021-01-19,450
677213,13,2020-12-16,430
663843,4,2021-02-04,1130
663875,6,2021-02-05,750
663939,3,2021-01-06,250
663987,8,2021-01-04,230
664019,10,2021-01-03,300
657829,2,2021-01-12,30
670396,6,2020-12-27,740
670428,9,2020-12-17,820
670508,5,2020-12-07,340
670540,2,2021-01-08,300
670588,1,2020-11-22,170
670604,1,2021-02-08,250
670668,1,2020-11-26,570
681309,2,2020-12-02,50
681437,2,2021-01-21,50
677236,2,2021-01-19,260
663882,13,2020-11-27,690
663962,11,2021-01-07,340
664026,5,2020-11-30,1320
657644,2,2021-02-08,130
657852,2,2021-01-02,30
670387,15,2021-02-16,290
670419,7,2021-01-25,80
670595,10,2020-12-16,770
670643,3,2020-11-15,680
670659,1,2021-02-03,20
670691,6,2021-02-02,200
681284,1,2020-11-12,80
681316,1,2020-11-20,30
677139,22,2020-12-21,370
677219,1,2021-01-18,50
677235,7,2021-01-16,840
677251,2,2020-12-28,170
670386,7,2021-01-16,320
670418,5,2021-01-20,290
670706,1,2020-11-27,30
681443,1,2020-11-05,70
681459,1,2020-11-14,50
681539,1,2021-01-19,60
681571,4,2021-01-17,40
663848,12,2020-12-16,280
663896,8,2020-11-26,80
663928,3,2021-02-18,820
664008,1,2020-12-22,780
664056,1,2020-12-18,50
664120,25,2021-01-05,1260
657498,2,2021-01-18,30
670385,4,2020-12-23,730
670449,45,2021-02-08,1680
670465,1,2021-01-18,130
670497,4,2020-11-22,60
670513,3,2021-01-05,280
670529,1,2020-11-26,650
670545,11,2021-02-13,330
670561,2,2020-12-10,90
670609,1,2021-02-03,110
670625,25,2021-01-26,950
670641,36,2020-12-11,660
670721,1,2021-01-08,70
681282,1,2020-12-14,20
681442,3,2020-12-16,40
677146,2,2020-12-06,380
677162,9,2020-12-28,230
677178,2,2020-12-28,120
677194,4,2021-01-02,80
664016,1,2021-02-01,20
657762,1,2020-12-11,60
670377,2,2021-01-10,40
670441,1,2020-11-29,790
670553,3,2020-12-18,370
670585,21,2021-02-13,710
670729,1,2021-01-22,20
681578,1,2020-12-31,10
657420,2,2021-01-14,80
677207,3,2021-01-20,140
663901,2,2020-12-09,70
663997,3,2020-12-18,140
657197,1,2021-02-05,40
670390,30,2021-01-04,1030
670454,1,2020-11-14,30
670582,11,2021-02-17,220
670598,2,2020-11-26,130
670614,3,2020-12-02,110
670646,20,2021-01-19,610
670694,5,2020-11-23,190
681511,1,2020-11-15,30
666188,6,2021-01-01,180
663862,8,2021-01-27,130
664070,2,2020-12-29,240
657560,1,2021-01-04,380
670383,8,2021-02-03,470
670511,1,2020-11-29,20
670543,10,2020-12-02,300
670671,37,2020-12-07,650
681328,3,2020-11-23,40
681568,1,2020-11-02,60
677205,6,2020-11-23,120
677237,10,2021-02-06,530
663851,4,2021-01-11,180
670388,2,2020-11-26,80
670436,1,2021-01-17,140
670468,1,2020-12-30,40
670612,5,2020-12-26,1500
670708,2,2021-02-06,1030
677086,1,2021-02-01,200
677118,1,2020-12-13,70
677150,1,2020-12-16,170
677230,3,2020-12-14,30
663876,6,2020-12-05,1220
663956,3,2021-02-12,70
663972,1,2021-01-11,1010
664020,1,2020-12-10,10
670381,5,2021-02-05,790
670493,6,2020-12-02,1840
670637,6,2021-02-09,110
670701,5,2020-11-14,100
670717,3,2020-12-14,260
681294,1,2020-12-18,50
663829,18,2020-12-28,880
663861,3,2020-12-31,480
664037,3,2021-01-08,260
664133,4,2021-01-07,700
657575,3,2021-01-08,60
657719,1,2021-01-03,10
657847,1,2021-01-07,20
670398,5,2020-12-26,450
670462,6,2021-01-07,570
670526,1,2020-12-15,40
663815,1,2020-12-14,20
663879,2,2021-01-14,60
670512,2,2021-01-14,270
670544,1,2021-01-05,110
670592,3,2020-11-19,800
670624,3,2020-12-30,100
670640,2,2021-01-16,50
681345,1,2021-01-27,30
657160,4,2021-02-20,80
663871,1,2021-02-06,90
664111,5,2020-12-04,310
664159,3,2020-11-23,110
657505,1,2021-01-02,150
670520,1,2020-12-13,1040
670568,1,2020-12-13,280
670584,4,2021-01-03,470
670680,2,2020-12-19,310
681321,1,2020-12-03,50
681337,4,2021-01-26,130
681449,2,2020-11-19,60
681577,1,2020-12-08,30
666286,4,2020-11-24,130
666302,9,2021-01-03,880
662230,2,2020-12-07,660
662374,6,2021-01-09,350
673814,3,2020-11-18,100
673830,3,2021-01-11,90
674038,3,2020-11-30,60
674054,16,2020-12-17,570
674166,9,2021-02-05,150
674182,8,2020-12-18,320
665640,2,2021-02-21,680
665752,1,2020-11-26,450
680356,1,2020-11-04,30
680388,8,2020-12-12,230
659327,1,2021-01-02,30
659375,1,2020-12-08,100
659487,1,2020-12-31,20
669010,4,2020-12-17,60
669106,6,2020-12-19,840
669154,2,2020-12-29,60
669170,15,2021-01-29,980
669202,6,2021-01-17,90
669266,1,2020-12-26,2000
669362,19,2021-02-04,650
680533,3,2020-12-21,110
680565,3,2020-11-07,130
676886,38,2021-01-01,770
676902,19,2020-12-08,560
676950,3,2020-12-30,60
677046,4,2021-01-10,180
677142,2,2020-12-12,30
677174,6,2020-11-17,170
666259,11,2021-01-13,280
666323,2,2021-01-22,230
666403,4,2020-12-11,810
666451,21,2021-01-17,310
666563,2,2021-02-07,50
666579,1,2020-12-11,170
666643,1,2021-01-10,120
666739,5,2020-12-27,50
663108,1,2021-01-05,20
663124,1,2021-01-01,1110
668360,5,2020-12-12,260
668440,9,2020-12-20,310
666232,1,2021-01-18,100
666248,1,2021-02-16,10
666296,2,2020-12-05,1410
666312,2,2020-12-08,430
666632,1,2020-12-05,110
666744,10,2021-01-07,430
666856,1,2020-12-11,290
663113,15,2020-12-01,270
663209,1,2020-12-06,1020
663273,2,2021-02-17,40
668429,18,2021-01-02,530
668445,20,2021-01-12,650
668461,3,2020-11-17,820
668477,1,2021-02-15,1140
668557,1,2021-01-17,10
657469,3,2021-02-09,130
666240,17,2020-12-05,300
666304,5,2021-01-08,990
666432,3,2021-01-09,1550
666528,16,2020-12-16,180
663089,2,2021-01-01,590
663105,3,2021-02-17,340
663201,2,2021-01-07,640
663345,2,2021-02-01,70
663361,1,2021-01-11,750
668357,1,2020-12-29,110
668453,19,2020-12-14,1170
668469,9,2020-11-26,850
666193,4,2020-12-08,140
666385,15,2020-12-13,1680
666417,7,2020-12-20,540
666545,5,2021-02-15,330
666593,1,2021-02-17,70
666609,1,2021-01-20,70
666705,4,2020-12-04,290
666721,2,2020-11-30,150
663186,2,2021-01-12,30
663250,2,2020-12-08,150
663266,6,2020-12-04,390
663394,3,2021-02-18,150
668358,5,2021-01-10,140
668374,3,2020-12-19,470
668502,2,2020-11-15,350
657407,2,2021-02-03,90
666322,2,2020-12-17,120
666354,10,2021-01-11,120
666370,1,2021-02-13,20
666450,3,2021-02-19,130
666610,3,2021-01-21,60
666834,6,2020-12-17,800
663171,2,2020-12-31,70
663331,5,2020-12-29,70
668375,13,2021-01-08,300
668391,3,2021-01-12,60
668423,1,2020-12-02,760
668455,1,2020-11-16,140
662248,3,2020-12-28,280
662392,10,2021-02-24,730
673880,6,2020-11-24,480
673912,9,2020-12-25,410
673976,1,2021-01-03,20
673992,11,2020-12-13,1220
674008,9,2021-01-29,100
674072,16,2021-01-08,1090
665658,1,2020-12-05,90
665770,7,2021-01-10,250
665786,1,2020-12-06,60
680294,2,2020-12-06,310
669140,4,2020-12-26,960
669252,20,2020-12-03,670
669380,6,2021-01-10,1180
669396,2,2020-11-28,1060
680647,1,2021-01-04,200
676888,4,2020-12-19,100
676968,5,2020-12-28,60
677016,1,2020-12-12,190
677080,1,2021-01-10,40
666250,5,2021-01-10,130
666314,9,2021-02-06,470
666522,1,2020-11-25,650
666586,3,2020-12-27,70
666794,4,2020-12-26,1800
666842,6,2021-02-11,110
663243,1,2020-12-17,670
668591,5,2021-01-20,50
666374,2,2020-12-13,40
666422,1,2021-01-19,180
666454,2,2021-01-06,160
666470,1,2021-02-09,140
666502,2,2021-02-05,50
666598,3,2020-11-26,230
666694,1,2020-12-03,100
666758,1,2021-01-27,1090
666822,3,2020-11-30,700
663111,10,2021-02-22,430
663255,6,2020-12-25,1090
663303,7,2021-02-21,100
663367,9,2020-12-02,510
668395,1,2020-12-12,820
668427,4,2021-01-24,1410
668459,1,2020-12-31,1550
668571,6,2020-12-21,730
666223,5,2020-11-28,270
666255,5,2021-02-09,130
666399,2,2020-12-27,250
666447,1,2021-01-19,20
666527,3,2020-11-15,1040
666575,5,2021-01-11,350
666607,1,2021-02-01,10
666703,1,2021-01-14,40
666815,9,2021-02-04,1130
663296,31,2021-02-23,770
668436,50,2020-12-26,790
668484,6,2021-01-31,430
668516,17,2020-12-27,490
666236,22,2021-01-25,960
666268,8,2020-12-07,1210
666300,2,2020-12-26,950
666540,2,2021-02-02,30
666604,6,2021-01-15,520
666636,5,2021-01-03,370
666716,2,2021-02-06,210
666732,1,2020-12-21,220
666748,1,2021-01-23,520
666812,2,2020-12-28,190
666876,15,2020-12-02,660
663229,1,2021-02-04,1020
663357,1,2021-01-27,180
668353,2,2021-01-04,50
668497,8,2020-12-19,330
668561,1,2021-01-28,50
668593,2,2021-01-24,830
666516,4,2021-01-10,330
666596,1,2020-12-08,90
666612,18,2021-01-10,500
666628,10,2020-12-31,340
666692,4,2021-01-11,1380
663125,1,2020-11-28,20
663397,1,2021-01-07,100
668345,4,2021-01-08,60
668377,14,2020-12-26,730
668457,5,2021-01-04,340
668553,1,2021-01-23,130
668569,5,2021-01-21,370
666629,2,2020-12-03,40
666741,8,2021-01-27,810
663094,11,2021-02-25,930
663206,1,2020-12-05,290
663222,2,2021-01-08,570
663270,1,2020-11-18,50
668506,9,2021-01-22,110
668554,3,2020-11-15,270
666249,1,2020-12-16,50
666473,4,2020-12-21,140
666825,51,2021-01-04,1190
663098,1,2020-12-31,600
668382,1,2020-11-27,230
666375,19,2021-01-15,1810
666423,21,2021-02-13,640
666471,18,2021-02-19,690
666551,2,2021-02-20,120
666615,4,2020-12-22,230
666791,14,2021-01-18,290
666855,3,2021-01-31,1250
666871,16,2021-02-10,330
663240,2,2021-02-18,260
668348,5,2021-01-30,1050
668444,17,2021-02-01,1270
668524,2,2020-11-20,590
668588,1,2021-01-03,40
666430,27,2020-12-30,810
666494,2,2020-12-13,110
666526,1,2021-01-19,70
666830,27,2021-02-05,440
663231,1,2020-12-24,20
663375,15,2021-02-22,850
668355,2,2020-12-13,30
668435,1,2021-01-10,1350
668515,16,2021-01-12,360
677238,4,2021-01-01,270
663820,1,2020-12-15,1380
663884,2,2021-01-16,160
664060,11,2021-01-25,330
664156,3,2021-01-04,1610
657566,5,2021-01-28,140
657822,1,2021-02-23,150
670373,2,2021-01-14,80
670389,6,2021-01-31,250
670437,3,2021-01-21,1710
670501,9,2020-12-19,370
670629,9,2020-11-09,870
670677,3,2020-11-18,140
681270,1,2021-01-17,20
681526,1,2020-11-05,30
666235,8,2021-02-07,430
663838,3,2020-12-30,440
664046,1,2020-12-31,1400
664110,1,2021-01-26,160
657374,6,2020-12-21,100
657504,1,2021-02-18,30
670439,7,2020-12-20,180
670471,5,2020-12-05,460
670567,1,2021-01-30,790
670583,1,2021-01-19,570
681528,1,2020-11-02,50
657434,2,2020-12-04,70
666189,23,2021-01-28,680
679626,2,2020-11-18,70
679754,3,2020-12-26,280
679898,1,2020-11-28,120
679978,2,2020-12-21,70
680010,4,2020-12-24,120
680058,1,2020-12-27,10
680170,1,2020-11-15,50
680234,2,2020-12-10,90
680250,1,2020-12-07,130
675489,5,2021-01-31,260
675521,3,2021-01-28,70
675569,12,2020-11-22,550
675601,7,2020-12-26,560
675633,2,2021-02-04,150
675697,2,2020-12-03,520
668520,2,2020-12-20,1040
668600,5,2020-12-09,360
679742,1,2020-11-08,40
679886,1,2021-01-16,80
679966,7,2020-12-21,130
680014,1,2020-11-03,50
680046,9,2020-12-17,100
680062,6,2021-01-07,210
680190,4,2021-01-04,90
680206,3,2020-12-30,80
680238,1,2020-12-20,260
680254,3,2021-01-11,70
675360,7,2021-02-02,820
675376,17,2020-12-16,320
675392,4,2020-12-10,470
675408,14,2020-12-17,530
675456,4,2021-01-26,140
675669,16,2021-01-26,610
675685,10,2021-02-10,420
675765,3,2021-01-08,150
675829,4,2020-11-29,390
668533,2,2021-01-12,1630
668613,7,2020-12-25,130
679563,8,2021-01-31,130
679867,1,2021-01-16,60
680059,1,2021-01-22,10
680171,2,2021-01-27,30
680235,2,2020-12-03,50
675437,1,2020-12-01,990
675506,7,2021-01-21,110
675538,9,2020-12-30,130
675730,21,2021-01-24,400
679569,1,2020-11-20,30
679601,6,2020-12-27,60
679921,4,2020-12-08,190
679969,3,2020-12-16,50
680033,1,2021-01-18,20
680065,1,2021-01-12,140
680257,3,2021-01-10,200
675363,1,2021-01-06,80
675427,4,2020-12-19,1010
675528,2,2021-01-30,500
675608,6,2021-01-27,110
675672,2,2020-12-18,200
675752,1,2020-12-06,290
675768,5,2020-11-15,90
679781,9,2021-01-27,270
679845,1,2020-12-18,120
679877,2,2020-12-11,130
679925,7,2020-12-05,150
680069,7,2020-11-09,180
675516,1,2020-12-01,390
675564,1,2020-11-19,410
675596,1,2020-12-04,30
675644,2,2020-12-12,280
675676,2,2020-12-29,30
675708,3,2020-12-07,570
675724,4,2020-12-13,300
675756,1,2020-11-11,340
675852,1,2020-12-07,490
679831,5,2020-11-20,140
679847,3,2020-12-06,70
679927,3,2021-01-14,90
680023,3,2021-01-30,120
680039,2,2020-12-08,50
680135,9,2021-01-16,360
680231,2,2020-11-05,310
675353,7,2021-01-05,300
675369,3,2020-12-11,30
675417,3,2021-02-04,40
675598,2,2020-11-20,120
675758,1,2021-01-21,310
679538,1,2020-12-15,20
679714,1,2021-01-12,20
679922,2,2020-11-10,150
679954,11,2020-12-14,290
680050,6,2020-12-10,230
680098,3,2021-01-24,160
680114,1,2020-12-13,90
680178,3,2021-01-13,110
680210,2,2020-11-18,270
675577,1,2021-01-23,720
675593,1,2020-12-12,180
675737,6,2021-01-01,220
675769,11,2021-01-23,150
668573,2,2020-12-30,30
668621,7,2020-12-28,200
679587,8,2021-01-13,220
679811,4,2020-12-27,120
679923,8,2021-01-04,360
680067,2,2020-12-03,30
680259,1,2020-11-15,70
675482,2,2021-01-05,110
675530,1,2020-12-22,90
675594,6,2020-12-24,220
675642,1,2020-11-16,80
675738,2,2020-12-07,50
675770,14,2020-12-04,200
675786,9,2021-01-08,90
675818,1,2021-01-16,20
679572,2,2020-12-02,30
679828,5,2020-12-17,360
679876,2,2021-01-28,90
679908,2,2020-11-10,150
680132,3,2020-12-13,60
680228,1,2020-12-07,70
680244,3,2020-12-12,70
680260,3,2021-01-29,180
675430,9,2021-02-09,410
675563,1,2020-12-16,70
675595,2,2021-01-12,180
675627,1,2020-11-10,700
675643,6,2020-12-06,890
675659,6,2021-01-30,130
675723,8,2020-11-19,190
675771,2,2021-01-24,140
679775,1,2021-01-11,350
679855,1,2020-12-14,10
679919,1,2020-12-04,30
679935,1,2020-12-01,10
679951,3,2020-12-09,120
680031,1,2021-01-19,50
680095,10,2020-12-23,200
680111,6,2020-11-25,160
680223,1,2021-01-01,50
680255,1,2020-12-07,180
675377,2,2020-12-06,1010
675441,2,2021-01-08,290
675462,1,2021-01-01,910
675494,19,2021-01-04,300
675590,1,2021-01-04,40
675750,1,2020-12-21,70
675766,5,2020-11-13,50
675798,1,2020-11-25,90
679561,10,2021-01-25,180
679801,1,2020-11-09,90
679865,7,2021-01-27,180
680137,1,2020-11-01,20
680169,6,2021-01-25,130
680201,4,2020-11-07,70
680249,1,2020-12-15,140
675419,8,2021-01-18,580
675488,7,2020-12-28,70
675616,1,2020-11-23,10
675648,9,2021-02-07,630
675696,2,2020-12-09,470
675712,4,2021-01-20,70
675760,1,2020-12-18,60
675776,3,2020-12-26,260
679952,3,2020-11-28,40
679984,5,2020-12-21,110
680064,3,2020-12-01,170
680096,1,2020-11-06,190
680144,1,2020-11-09,40
680208,1,2020-11-06,10
680224,1,2021-01-08,60
675394,10,2020-12-12,230
675463,1,2021-01-27,350
675559,2,2021-01-03,500
675687,15,2020-12-17,720
675719,6,2020-12-26,210
675735,4,2020-11-18,170
668582,1,2021-01-13,140
679788,8,2020-12-05,150
679868,1,2020-11-02,10
679900,2,2020-12-19,20
679996,5,2020-11-30,100
680012,1,2020-11-23,170
680092,4,2020-11-29,180
680172,2,2020-11-24,360
680220,1,2020-12-05,10
675454,1,2021-01-14,470
675507,2,2020-12-07,20
675539,7,2021-01-29,440
675731,8,2020-12-02,400
668567,1,2020-12-15,50
668599,2,2021-01-17,1480
679853,3,2020-11-13,60
679997,3,2020-12-31,160
680061,2,2021-01-05,90
680093,2,2021-01-30,30
680189,10,2020-12-22,280
680237,2,2020-12-27,160
675407,1,2020-12-20,10
675476,2,2020-11-28,180
675508,22,2020-12-22,350
675572,2,2021-01-20,410
675620,11,2020-12-02,350
675732,18,2020-12-01,480
666205,5,2021-02-03,200
666237,4,2020-12-21,130
666349,27,2020-12-24,980
666381,5,2020-12-29,240
666429,4,2020-12-17,1410
663230,1,2021-02-19,90
663294,8,2020-12-22,280
663390,3,2020-11-19,190
668370,7,2020-12-04,1290
668402,1,2020-12-22,110
679560,8,2020-12-14,190
679736,1,2021-01-12,80
679800,1,2021-01-24,70
679848,2,2021-01-08,50
679864,1,2021-01-17,160
680216,1,2021-01-21,40
675370,1,2020-12-18,60
675471,2,2020-11-28,50
675535,4,2021-01-17,290
675711,3,2021-01-30,390
675823,3,2020-11-25,230
664550,10,2021-01-26,390
664614,2,2021-02-05,300
664678,1,2020-11-27,20
664870,1,2021-02-01,40
680805,5,2020-11-20,70
680853,3,2020-12-21,70
669922,3,2020-12-25,30
669954,46,2021-01-23,1950
680898,3,2020-12-10,100
680994,5,2020-12-13,110
681026,3,2020-11-29,70
681154,1,2021-01-08,30
681170,4,2020-11-05,60
681186,2,2021-01-21,40
681234,7,2021-01-09,140
669994,3,2021-02-06,120
670074,3,2020-12-23,130
670106,2,2020-11-13,240
670298,4,2021-01-24,750
670346,2,2020-12-08,780
670362,2,2020-11-26,90
664531,3,2021-02-07,60
664819,1,2021-01-28,840
664867,2,2020-11-21,600
680754,5,2021-01-07,140
680786,3,2020-12-25,30
680866,2,2021-01-06,60
669423,18,2021-01-07,870
669439,3,2020-11-30,160
669871,6,2020-12-30,240
669935,4,2020-12-07,400
669951,7,2020-12-13,440
681183,1,2020-12-13,40
669991,13,2021-01-14,690
670071,4,2020-12-04,140
670119,1,2021-01-09,830
670183,1,2020-12-13,120
670279,1,2020-11-04,150
670311,2,2020-12-14,30
670327,2,2020-12-03,260
670359,2,2020-12-21,100
664521,2,2020-11-24,30
664537,16,2021-01-18,550
664569,3,2020-12-19,60
664745,1,2020-12-26,650
664809,3,2020-12-30,450
664841,4,2020-11-25,240
680824,3,2020-11-06,50
680856,5,2020-11-12,110
669605,2,2021-02-04,800
669925,1,2021-01-01,1380
680885,1,2020-11-10,20
681093,1,2020-12-13,40
669965,4,2021-01-27,150
670077,4,2021-01-23,120
670157,5,2020-11-27,350
670253,2,2020-12-31,200
670365,4,2021-02-15,40
675879,15,2021-02-04,320
675895,3,2020-12-25,190
675943,4,2021-01-24,70
675959,13,2020-12-28,520
676007,10,2020-11-19,440
676023,8,2020-12-05,470
664612,1,2020-12-28,10
664660,6,2020-12-26,170
664756,3,2021-02-04,380
669584,8,2021-02-12,290
669616,1,2021-01-09,60
669872,1,2020-11-22,10
669904,2,2020-12-03,110
669920,2,2020-12-26,370
680960,4,2020-12-02,80
681120,1,2020-11-06,80
681200,2,2021-01-04,40
669976,1,2020-11-06,1790
670024,16,2021-02-18,520
670056,3,2020-11-16,60
670168,5,2020-11-22,600
670280,2,2020-12-09,250
670360,7,2021-02-13,70
675922,3,2021-01-25,240
675938,1,2020-11-16,10
664539,2,2021-01-09,20
664699,3,2020-12-16,760
664811,8,2020-12-02,430
664843,8,2021-01-15,310
680826,2,2020-11-20,110
669479,2,2020-11-12,100
669815,6,2020-12-17,260
669895,6,2021-02-02,1250
681175,1,2021-01-18,30
681239,1,2020-12-22,10
670127,2,2020-12-03,710
670191,1,2021-01-14,180
670207,21,2021-01-10,610
670271,5,2020-12-31,350
670319,4,2021-02-05,150
670335,2,2020-12-27,170
675881,2,2020-12-01,120
675961,1,2021-02-04,220
664509,3,2021-02-04,220
664525,2,2021-01-12,100
664669,2,2020-12-25,280
664829,5,2021-01-01,330
680796,1,2020-12-13,30
669433,6,2021-01-13,230
669449,4,2020-12-21,450
669705,1,2021-01-11,20
669865,1,2020-11-28,50
669897,4,2021-01-02,150
680921,1,2021-01-19,10
681081,3,2020-11-05,70
670001,3,2020-11-20,270
670017,1,2020-11-28,140
670097,4,2021-01-01,400
670289,1,2020-12-25,1560
675931,3,2020-11-05,960
664546,9,2021-01-28,530
664594,4,2020-12-11,70
680801,1,2020-12-10,70
669614,4,2021-01-26,40
669902,10,2020-12-07,1550
680926,1,2020-11-18,70
680958,2,2021-01-13,40
681006,1,2020-12-05,90
681118,2,2020-11-19,70
681166,1,2020-11-16,30
669958,3,2020-12-17,80
670134,2,2020-12-25,810
670150,3,2020-11-29,1590
670342,1,2020-12-08,210
675872,2,2020-12-27,600
676000,9,2020-11-25,530
676032,5,2021-01-27,50
664764,1,2021-01-11,10
664860,1,2021-02-07,60
680763,1,2020-11-28,50
680779,1,2020-12-16,40
669800,7,2020-12-20,1670
669912,42,2020-11-27,1710
669928,5,2020-12-16,450
680904,2,2020-11-11,160
681016,4,2020-11-28,40
681032,3,2020-11-22,70
681128,1,2020-12-02,80
681144,4,2020-12-12,50
681176,2,2020-12-17,90
670080,13,2020-12-20,320
670160,5,2020-12-12,190
670288,2,2020-12-15,20
670336,22,2020-12-01,1480
675866,1,2021-01-07,50
675914,4,2021-01-07,120
675994,1,2021-01-18,10
676010,9,2020-11-19,520
676058,1,2020-12-17,480
664536,7,2021-01-28,1470
664696,7,2020-12-06,420
669588,2,2021-01-15,1530
669700,1,2020-12-31,150
669892,3,2020-12-09,110
680948,2,2020-11-27,80
681060,1,2020-12-02,130
681092,1,2021-01-04,50
681124,1,2020-12-15,10
681140,1,2021-01-23,30
681204,4,2021-01-22,90
681252,2,2020-12-21,70
669980,4,2021-02-19,50
670012,1,2021-01-19,310
670060,2,2020-12-26,40
670124,1,2020-12-04,370
670316,7,2021-01-09,160
670348,3,2020-12-22,1520
675910,5,2020-12-19,350
675942,2,2021-01-25,60
676022,8,2020-12-26,240
676038,9,2020-12-13,540
664511,2,2021-01-14,810
664527,2,2020-12-30,170
664559,3,2021-01-30,150
664623,11,2021-02-09,360
664751,3,2021-01-14,90
680734,2,2020-12-14,20
669419,1,2020-11-29,1430
669435,9,2021-01-07,580
669483,1,2021-01-09,650
669563,1,2020-11-29,10
669883,44,2021-01-06,1010
669915,2,2020-12-04,1170
680891,1,2020-12-07,10
680987,3,2020-11-25,190
681083,3,2020-12-14,60
669971,2,2021-01-18,360
670019,14,2021-01-01,1920
670051,15,2021-01-21,210
670067,5,2021-01-22,220
670083,1,2020-12-20,1370
670115,2,2020-11-11,30
670227,5,2020-12-22,410
670243,1,2020-12-10,50
675869,6,2020-11-15,780
675885,4,2020-12-02,130
676029,3,2020-12-13,30
676061,2,2021-01-27,340
664586,1,2021-01-28,720
664762,2,2020-12-26,100
680825,3,2021-01-11,70
669478,7,2020-12-22,120
669702,5,2020-11-16,550
680902,3,2020-12-05,120
681030,2,2020-12-15,60
681142,1,2021-01-25,90
670094,2,2020-12-30,270
670158,2,2020-11-24,540
670190,13,2021-02-15,840
670254,1,2020-11-14,190
670366,2,2020-12-11,900
675864,1,2021-01-11,100
675928,9,2021-01-01,320
675960,1,2021-01-24,950
676024,3,2021-01-26,220
664689,2,2021-01-10,1440
664801,1,2021-01-16,110
680816,1,2020-12-23,20
669421,22,2021-02-09,640
669597,21,2020-12-06,670
669613,12,2020-12-26,730
669949,2,2020-12-07,50
680893,2,2020-12-11,30
681149,1,2021-01-17,100
670069,2,2021-01-08,130
670101,2,2020-12-26,250
670117,1,2021-02-21,20
670133,2,2020-12-20,430
670149,2,2021-01-24,170
670181,6,2021-02-04,1370
670213,2,2020-12-14,50
670245,2,2021-02-12,1560
670277,7,2021-01-14,160
670357,10,2020-12-08,1600
675919,2,2020-12-31,50
676031,2,2021-01-16,20
676127,4,2021-01-23,240
664647,4,2021-01-13,1130
664823,1,2020-11-27,10
669459,3,2021-01-02,50
669587,2,2020-11-16,1110
669603,2,2020-12-17,170
669923,1,2021-01-26,110
669939,2,2020-11-21,770
669955,1,2020-12-20,160
681091,1,2021-01-07,10
681123,1,2021-01-08,20
670011,3,2020-11-20,140
670059,1,2021-01-15,1060
670075,1,2020-11-11,1090
670171,16,2021-01-15,580
670235,1,2020-11-20,20
670251,8,2020-11-21,270
670331,1,2021-01-08,30
670347,2,2021-02-14,240
675877,4,2021-01-17,360
675893,1,2021-01-07,110
675925,4,2021-02-05,290
675973,4,2021-01-21,50
676053,1,2021-01-06,140
676069,2,2020-11-13,150
666283,31,2020-12-21,1100
666363,1,2020-11-25,200
666507,17,2021-01-09,340
666555,1,2021-01-29,20
666651,3,2021-02-18,620
666763,5,2021-01-05,190
666859,2,2020-12-11,20
668352,26,2020-12-20,610
668384,10,2020-12-31,600
668416,2,2021-01-05,30
668432,2,2020-12-11,220
668528,1,2021-01-17,1430
668576,3,2021-02-03,1010
668624,1,2021-01-16,60
680767,9,2020-11-07,170
680863,1,2021-01-27,100
669804,14,2021-01-01,270
680908,1,2020-11-25,10
681116,1,2020-12-07,20
669988,3,2020-12-14,850
670052,6,2021-01-18,690
670132,1,2021-01-15,260
670148,1,2021-01-14,1350
670292,8,2021-01-22,330
670308,11,2021-01-02,110
670324,2,2021-01-14,460
670340,3,2020-12-15,180
675918,1,2021-01-24,110
675966,5,2020-12-24,270
676014,6,2020-12-17,230
679558,1,2021-01-30,40
679590,9,2020-12-14,90
679606,7,2021-01-18,260
679622,1,2020-12-18,10
679862,1,2020-11-29,30
680038,2,2021-01-20,20
680086,1,2020-11-26,60
680102,3,2020-12-12,270
675432,3,2021-01-24,180
675469,1,2021-01-08,490
675629,2,2021-01-01,730
675677,1,2020-12-17,10
675709,4,2021-01-28,140
676280,12,2020-12-13,120
676401,4,2020-12-14,310
676497,1,2020-11-19,90
676513,1,2021-01-03,120
676561,1,2021-02-05,210
676801,1,2020-11-06,20
676833,1,2020-12-04,40
663463,16,2020-11-28,780
663543,1,2021-01-07,250
663591,11,2020-12-29,410
663655,2,2021-02-15,390
663767,3,2021-02-11,90
676075,1,2020-12-11,450
676267,3,2021-01-03,180
676372,1,2021-01-17,120
676836,4,2020-12-30,80
664773,2,2020-12-02,60
664789,1,2021-02-18,60
664869,8,2020-12-15,190
680724,4,2021-01-02,100
680820,2,2021-01-17,40
680868,1,2021-01-20,60
669473,2,2020-11-07,470
669601,4,2021-01-23,90
669905,9,2021-01-31,190
681041,1,2021-01-13,10
681089,4,2021-01-04,120
669961,1,2021-01-05,170
670025,2,2020-12-21,250
670089,3,2021-01-16,1350
670105,1,2020-12-10,20
670185,2,2021-01-28,1300
670329,30,2021-01-10,890
675875,10,2021-01-22,660
675891,1,2020-11-28,40
676002,2,2020-11-30,410
676395,1,2021-01-23,20
676507,7,2021-01-26,70
676555,3,2020-11-22,40
676635,2,2021-01-13,30
676811,2,2020-11-17,200
676843,12,2021-01-16,350
663489,1,2021-01-01,180
663505,1,2021-02-09,130
663697,1,2021-02-10,140
676125,1,2020-11-15,390
676221,2,2020-12-16,260
676253,3,2020-12-10,110
676406,3,2020-12-21,470
676630,6,2021-01-26,170
676774,11,2021-01-04,260
663420,1,2020-12-31,530
663484,2,2021-01-04,20
664718,30,2021-01-18,660
669418,2,2021-01-23,190
669706,14,2020-12-06,470
669754,4,2021-01-14,50
669882,18,2021-01-19,430
681082,1,2020-11-20,60
681258,2,2020-11-07,50
669970,32,2020-12-13,690
670002,43,2020-12-21,1660
670050,1,2020-11-29,320
670082,2,2020-12-13,280
670258,4,2020-11-25,140
670274,12,2021-02-13,230
675868,1,2021-01-25,520
675916,4,2021-01-31,590
676108,3,2020-12-14,510
676266,1,2020-11-28,40
676483,6,2020-11-13,280
676515,3,2020-12-03,130
676611,9,2020-12-29,390
676691,6,2020-12-21,120
676819,9,2021-01-26,230
663609,3,2020-12-15,920
663721,1,2020-12-03,620
663801,3,2020-12-17,1310
676049,4,2021-01-25,200
676097,1,2020-11-26,70
676273,3,2020-12-21,60
676330,9,2020-11-20,110
676746,2,2020-12-18,310
676762,2,2020-12-17,50
676778,2,2021-01-02,40
676842,1,2020-11-14,40
663408,5,2021-02-06,450
663488,1,2020-11-26,330
663504,1,2020-12-04,430
663520,2,2020-11-30,140
663536,4,2021-02-20,40
676112,9,2020-12-04,180
676176,1,2021-01-04,40
676393,8,2020-12-17,90
676777,1,2021-01-16,660
676809,6,2021-01-24,140
676841,9,2021-01-17,330
663631,1,2021-02-11,80
663647,6,2020-12-04,800
676415,1,2021-01-08,80
676639,1,2020-11-25,180
663445,6,2020-12-05,650
663525,1,2020-12-01,490
663685,22,2021-02-21,1200
675892,4,2021-01-17,60
675908,4,2021-01-04,460
675924,5,2020-12-30,250
675940,1,2020-11-15,60
676020,2,2021-01-31,60
676036,8,2021-01-11,80
676084,3,2021-01-28,130
676244,2,2020-12-27,120
676797,1,2020-12-14,50
663619,5,2020-12-10,70
676087,13,2020-12-21,930
676119,5,2021-01-15,50
676135,3,2020-12-11,60
676848,1,2021-01-03,190
663430,7,2020-12-02,690
663462,2,2021-01-29,460
663606,11,2020-12-23,670
676312,3,2020-11-26,80
676392,6,2021-01-19,300
676792,1,2021-01-14,620
663566,7,2021-01-12,280
663598,1,2020-11-17,10
663662,1,2020-11-20,90
663742,16,2020-12-06,930
676478,1,2021-01-19,60
676510,2,2021-01-24,90
676830,2,2020-12-31,800
663540,4,2021-01-02,1300
676025,1,2020-12-11,230
676041,3,2021-01-29,150
676057,1,2021-01-26,120
676386,1,2020-12-27,10
676466,1,2020-11-26,630
676482,1,2021-01-27,10
676514,4,2021-01-09,110
676770,5,2020-12-03,280
663592,10,2021-01-21,310
663672,2,2020-12-19,670
663736,1,2020-12-31,30
663768,2,2021-01-09,30
676270,18,2020-12-07,480
676503,3,2020-11-12,30
676631,2,2020-11-21,90
663549,1,2020-12-06,10
663789,1,2021-01-15,760
676051,1,2020-12-22,20
676099,1,2021-01-06,410
676227,1,2021-01-22,50
676396,1,2020-12-09,10
676492,2,2021-01-13,220
676764,3,2021-01-18,70
676828,1,2020-11-13,120
676844,4,2020-12-24,120
663746,1,2021-01-29,980
676236,7,2020-12-30,280
676268,2,2020-12-11,200
676405,1,2020-12-10,750
676469,5,2021-01-14,170
676549,1,2021-01-07,100
676629,1,2020-12-22,60
676709,1,2020-11-11,620
663563,1,2021-02-06,30
663787,1,2020-12-25,10
665271,1,2021-01-09,970
666106,1,2020-11-24,60
668810,14,2021-02-04,430
673309,2,2020-12-12,130
668732,8,2020-12-04,80
675976,13,2020-12-10,260
671128,1,2020-12-14,420
671448,16,2020-11-24,1080
659991,1,2021-02-18,90
671388,1,2020-12-05,30
670795,3,2020-12-05,60
670827,10,2020-12-25,360
659818,10,2020-12-12,130
671179,9,2020-12-20,440
670985,2,2020-12-23,50
659816,5,2021-02-03,190
659912,1,2021-01-20,60
671405,2,2020-12-20,130
670828,1,2021-01-09,560
681688,1,2020-11-04,40
659643,4,2020-12-20,170
671280,5,2021-02-06,260
670757,10,2020-11-20,210
670965,1,2020-12-11,30
659956,2,2021-01-15,280
671161,5,2020-11-21,210
670858,10,2020-12-13,360
671150,10,2020-12-22,280
671278,4,2021-01-09,120
671326,4,2021-01-25,120
670998,3,2020-11-25,120
659845,8,2021-01-06,280
671130,1,2021-01-13,200
671482,1,2020-12-16,70
670835,5,2020-12-10,60
670867,3,2020-12-15,70
670899,5,2020-12-10,360
659938,5,2021-01-13,200
671207,2,2021-01-10,540
671287,10,2021-01-23,830
671415,1,2021-01-26,60
671463,2,2021-01-29,120
659745,2,2021-01-11,30
671286,4,2020-12-15,60
670894,6,2020-11-24,330
659933,1,2020-12-02,50
670781,1,2020-12-02,70
670909,3,2021-01-08,140
670735,13,2020-12-22,250
671251,3,2020-11-22,170
659743,2,2020-12-31,450
659951,4,2020-12-13,50
671220,3,2021-02-09,180
671444,1,2021-01-08,20
660202,1,2021-02-10,10
671543,8,2020-11-15,160
671703,2,2020-12-21,70
671668,6,2021-02-11,130
665495,1,2021-01-10,50
671749,4,2021-01-22,80
665599,1,2021-01-30,30
660237,2,2021-01-09,40
671498,5,2020-11-19,150
671530,1,2020-12-06,50
671642,1,2020-12-24,330
671736,3,2020-12-17,60
665451,1,2020-11-18,60
665467,22,2021-01-31,260
660025,6,2020-12-21,390
671806,3,2020-12-26,110
660368,1,2021-02-04,50
671597,2,2020-12-10,40
665360,5,2020-11-21,50
671893,1,2020-11-06,200
660436,2,2020-12-29,160
665364,1,2020-12-02,320
665611,2,2021-01-12,170
671809,3,2021-01-23,90
671795,1,2020-12-18,60
665478,1,2021-01-03,580
671554,1,2020-11-11,120
665301,1,2021-01-07,660
665461,2,2020-12-21,450
660366,1,2021-02-02,50
671499,4,2020-12-31,100
671547,1,2020-12-01,90
671771,3,2021-01-13,230
665390,4,2021-01-08,1100
671564,1,2020-12-10,160
671580,1,2021-01-02,70
671025,8,2021-01-13,440
671105,8,2020-11-27,340
671365,4,2020-11-06,140
660178,2,2021-01-16,20
671551,14,2020-11-29,270
671695,7,2020-12-15,230
665426,3,2021-01-01,290
665545,6,2021-01-02,1030
671582,1,2020-12-16,70
665457,1,2020-12-18,50
672011,1,2020-11-30,40
672206,1,2020-11-10,60
672222,1,2020-11-16,50
672302,3,2021-01-15,120
672366,1,2020-12-01,60
661278,1,2020-12-24,70
672279,2,2020-11-23,60
671821,13,2021-01-18,680
671885,3,2020-12-24,400
672141,3,2020-12-14,170
672304,6,2021-02-01,510
672384,6,2021-01-26,320
672216,2,2020-12-27,50
661224,2,2020-12-18,450
671855,3,2020-12-16,150
672095,4,2020-11-26,190
672194,1,2020-12-11,180
672450,1,2020-11-23,30
671985,1,2020-11-20,320
672049,3,2020-12-21,140
672081,4,2021-02-02,900
672113,1,2021-01-05,50
671854,2,2021-01-27,300
671890,3,2021-01-03,120
660889,2,2020-12-25,40
672453,9,2020-12-09,240
672485,4,2020-12-02,60
672517,2,2020-12-13,660
660629,2,2020-11-28,60
672230,5,2020-12-04,130
671820,4,2020-11-21,190
671836,3,2020-12-21,140
660851,7,2020-12-17,300
672239,5,2020-12-10,420
661103,2,2021-01-07,100
671929,2,2020-12-14,110
672121,2,2021-01-01,40
672137,7,2020-12-12,190
660864,1,2021-01-22,100
672204,1,2020-11-29,10
661212,1,2021-01-14,220
671968,11,2021-02-02,270
672064,4,2021-01-08,610
660690,14,2021-01-19,630
672307,14,2021-02-05,700
660849,8,2020-11-28,570
672173,1,2020-12-01,30
665491,4,2021-02-08,130
665610,3,2021-02-17,140
671816,3,2020-12-31,170
671896,1,2020-11-25,130
672151,6,2020-11-14,180
672458,2,2020-11-03,60
671958,4,2020-11-30,270
661037,1,2020-12-19,50
672457,2,2021-01-02,60
661241,4,2021-01-06,80
661695,4,2020-12-26,240
678317,1,2021-01-25,150
666964,1,2020-11-09,150
667044,3,2020-12-30,480
667396,4,2021-01-11,450
678259,1,2021-01-14,20
678275,2,2020-12-12,90
666906,1,2021-01-02,60
667114,6,2020-11-26,1090
667386,9,2021-01-01,350
658323,3,2021-02-02,950
672646,8,2020-12-11,1220
666929,8,2021-01-27,810
672583,1,2021-01-20,450
672615,1,2020-12-21,20
678229,1,2020-11-11,20
667020,2,2020-12-17,710
667148,1,2020-12-16,20
667196,8,2021-01-06,440
667388,1,2020-11-30,30
667516,8,2020-12-09,160
672542,7,2021-01-03,300
666928,2,2020-11-21,20
667520,8,2020-12-14,540
667584,5,2021-02-04,130
678478,4,2020-11-10,120
672681,1,2020-12-20,40
672761,7,2020-12-22,1420
661677,4,2020-12-28,60
666914,1,2021-01-26,30
667058,14,2020-12-27,540
667314,3,2020-11-25,330
667618,1,2021-01-21,190
672531,1,2021-01-22,90
672547,2,2020-12-09,160
678145,4,2020-12-18,80
666936,1,2020-11-07,350
667112,11,2021-01-03,240
667528,2,2021-01-01,80
667624,1,2020-11-07,260
661460,1,2021-01-28,60
678306,6,2021-01-11,160
667241,2,2020-12-31,40
667497,7,2020-12-11,320
667071,1,2020-11-15,90
667471,1,2021-01-25,290
672641,2,2021-01-01,70
666982,2,2020-12-16,2040
667158,1,2021-01-25,140
667318,5,2021-01-13,150
667334,7,2020-12-12,410
667558,4,2020-12-25,1070
662511,7,2020-12-16,130
662527,6,2021-01-13,680
662543,2,2021-01-05,20
674610,2,2020-11-29,70
674658,1,2021-01-09,150
674690,1,2021-01-03,40
678443,4,2021-01-23,100
664424,12,2020-12-19,220
678681,5,2020-12-11,150
678713,1,2020-12-09,270
678761,1,2020-11-23,70
668133,1,2020-12-08,120
678458,3,2021-01-07,30
662656,17,2020-12-26,540
664402,11,2021-01-15,180
678947,1,2020-11-23,10
668143,1,2020-12-12,130
678574,3,2021-01-22,150
662452,5,2020-11-28,190
662516,1,2020-12-01,610
674727,4,2020-12-22,320
664294,1,2020-12-19,80
664454,1,2021-01-17,390
678695,2,2020-11-30,70
678791,3,2020-11-20,190
668083,2,2020-12-07,170
674677,2,2021-01-24,40
674741,3,2020-12-23,110
674805,1,2020-11-12,40
664324,1,2021-01-22,220
664485,3,2020-12-27,170
668274,10,2021-01-29,180
662477,2,2020-11-25,20
664495,8,2021-01-02,690
668140,1,2020-12-09,110
668236,4,2021-01-31,230
678466,4,2020-12-19,200
666150,2,2021-01-09,50
674603,6,2021-01-17,480
678632,1,2020-12-10,50
678769,1,2020-12-14,100
674890,1,2020-12-14,240
664169,1,2020-12-18,1440
664393,2,2021-02-07,450
679098,1,2020-12-16,10
679146,2,2021-01-06,70
668214,6,2021-02-02,1080
672072,1,2020-12-23,160
660618,1,2020-11-23,80
660714,1,2021-02-04,100
672395,1,2020-12-12,60
661195,13,2020-12-02,320
678591,2,2021-01-04,120
678952,1,2021-01-26,40
678596,8,2020-11-10,80
662458,9,2021-02-20,760
662522,1,2020-12-05,110
674893,1,2021-01-27,50
668153,2,2020-12-29,70
675187,1,2021-01-18,50
668272,1,2021-01-17,30
668628,4,2021-01-15,70
668884,8,2021-02-14,780
668996,2,2020-12-27,190
675141,3,2020-11-10,70
668707,14,2021-01-25,460
668819,1,2020-12-28,40
668979,3,2020-12-26,150
675172,4,2020-11-07,140
668253,3,2021-01-24,680
668753,5,2020-12-28,260
668929,7,2021-01-29,340
675298,1,2020-12-15,320
662786,1,2020-12-26,130
668717,10,2020-12-07,340
668957,4,2020-11-25,100
675198,1,2020-12-30,50
668746,1,2021-01-25,220
675051,3,2020-12-11,90
675227,1,2020-12-03,50
679400,8,2021-01-21,170
668905,1,2021-01-11,220
674949,4,2020-12-21,240
675114,4,2020-11-24,660
675130,1,2020-11-25,50
658784,1,2021-01-28,50
679514,2,2020-12-13,130
668875,2,2020-12-22,30
668971,8,2020-12-18,310
674967,1,2020-11-18,10
675228,2,2020-11-14,50
679220,1,2021-01-22,70
662807,1,2021-02-08,50
658556,1,2020-12-14,40
668744,7,2021-02-13,350
668792,2,2020-12-05,150
668840,2,2020-12-12,100
674996,8,2020-11-21,280
675113,1,2020-12-19,90
668759,1,2020-11-22,100
675208,2,2021-01-10,70
679493,1,2021-01-17,390
668934,4,2020-12-01,170
668982,1,2020-12-04,150
662936,1,2020-11-24,80
673117,1,2020-11-18,40
679518,1,2020-11-13,30
668927,1,2021-01-03,40
668959,1,2020-12-09,200
662913,2,2021-01-05,310
675296,1,2020-12-19,350
678304,2,2020-12-25,380
667079,12,2020-12-25,500
667159,7,2020-12-23,320
667399,10,2021-01-03,450
667479,6,2021-01-05,710
667623,3,2020-11-24,420
662665,6,2020-11-26,340
664331,1,2020-12-04,80
657923,1,2021-01-03,10
678668,1,2021-01-14,30
668104,3,2021-01-09,80
668136,1,2021-01-12,30
673098,1,2020-12-09,200
673162,2,2020-12-08,100
677440,1,2021-01-08,10
673670,2,2020-11-17,100
673750,2,2020-11-16,100
677311,1,2020-11-25,450
677343,7,2021-01-15,440
658984,2,2020-12-14,110
667809,1,2020-12-14,40
667937,2,2020-11-28,200
673291,4,2021-01-07,80
673384,1,2020-11-23,10
673448,4,2021-02-01,660
673528,18,2020-12-05,250
677313,1,2020-12-17,80
677441,1,2020-12-18,430
677457,1,2020-11-11,30
678098,2,2020-12-17,270
658850,3,2021-02-14,80
673391,2,2020-11-25,190
673455,1,2021-01-13,60
673647,1,2020-12-18,80
673695,3,2020-11-23,210
673743,4,2021-01-12,370
673791,4,2021-01-13,550
673344,1,2021-01-27,30
673533,5,2020-12-04,140
673661,3,2020-11-17,30
673805,5,2020-12-01,190
677382,2,2020-12-28,90
659167,1,2020-12-26,70
673271,5,2021-01-01,310
673319,3,2020-11-05,70
673620,20,2021-01-25,530
673732,2,2021-01-14,30
658918,2,2021-02-18,130
677374,1,2020-12-31,20
659015,1,2020-12-08,10
677319,4,2020-11-15,100
658912,1,2020-12-15,10
667945,1,2020-11-08,10
673507,1,2020-11-25,40
667630,1,2020-12-13,60
673641,4,2020-11-29,120
659179,1,2020-12-02,200
667924,4,2021-02-19,260
673531,1,2020-12-25,40
673563,1,2021-01-03,130
673707,11,2020-12-16,300
677316,1,2020-11-22,40
659053,2,2021-01-22,60
667814,1,2021-01-17,630
667878,16,2021-01-08,360
673404,20,2021-02-08,620
667687,2,2021-01-04,130
673268,6,2021-01-23,350
673473,3,2021-01-20,80
673505,2,2021-01-11,50
677658,7,2021-01-23,570
667660,1,2020-11-29,500
667740,5,2021-02-16,410
667884,11,2020-12-14,830
667932,1,2021-01-07,10
678107,4,2020-11-16,430
667973,1,2021-01-07,130
668748,1,2020-12-21,760
668796,6,2020-11-18,470
675197,1,2021-01-20,220
674798,6,2021-01-31,60
678750,3,2020-12-28,120
668218,2,2020-12-06,90
668330,1,2020-12-27,120
674277,5,2021-01-08,290
666073,11,2020-11-28,330
677750,3,2020-11-12,310
677862,16,2021-01-24,190
672938,1,2020-12-18,260
673034,1,2020-12-29,20
674326,3,2020-12-27,310
672859,7,2020-11-03,130
672939,4,2020-12-11,110
665867,1,2020-12-16,520
665899,1,2021-02-08,60
665931,1,2021-01-28,150
665995,11,2021-02-05,520
666059,4,2021-01-06,260
672953,1,2021-01-05,50
674446,1,2020-12-05,250
672851,3,2020-12-13,570
673043,2,2020-12-06,60
674259,20,2020-12-13,590
672952,3,2020-12-26,270
674480,12,2020-12-11,750
665828,3,2020-12-17,40
677873,1,2020-12-17,20
672901,3,2021-01-22,70
673093,8,2020-12-23,170
674521,1,2020-12-08,90
665885,8,2021-02-06,810
665949,1,2021-01-04,720
677770,1,2020-12-28,150
672846,4,2021-01-16,510
672894,2,2020-12-28,70
674450,7,2020-11-13,120
674546,5,2021-01-23,170
672919,6,2021-01-16,120
672967,3,2021-01-01,480
674440,2,2021-02-03,80
674456,2,2020-11-20,50
677881,13,2020-12-23,240
665967,2,2021-01-13,260
679501,6,2021-01-24,110
668654,1,2021-02-03,310
668670,7,2020-12-10,260
668894,8,2020-12-11,410
662832,2,2021-01-25,20
675247,4,2020-12-11,410
675327,3,2020-12-12,70
674298,1,2020-12-21,20
674346,8,2021-01-16,810
672943,3,2021-01-22,210
674220,2,2021-01-20,200
665856,3,2020-12-13,110
673073,2,2021-01-07,690
674253,3,2021-01-14,60
674269,5,2020-11-07,170
674317,1,2020-11-08,120
664906,1,2021-02-02,80
662154,6,2021-02-03,60
665006,1,2021-01-29,900
665004,1,2020-12-17,110
665084,8,2021-01-09,320
661927,1,2021-01-13,40
665203,3,2021-02-16,1660
673285,2,2021-01-30,490
673490,8,2021-01-27,260
667629,26,2020-12-24,610
667821,1,2021-02-07,30
661889,4,2021-01-04,100
665021,1,2020-12-23,300
661764,1,2021-02-15,50
662132,1,2021-02-05,20
665024,1,2021-01-26,480
674289,1,2021-01-09,70
674545,1,2020-12-07,180
662104,1,2021-02-13,200
665044,9,2020-12-01,290
665108,26,2021-01-26,980
665188,1,2021-02-23,60
662300,1,2020-12-10,180
673852,8,2021-01-12,380
674204,3,2020-12-14,200
659525,1,2021-02-18,20
669304,1,2020-12-19,30
680571,1,2020-12-10,50
674059,5,2021-01-01,50
674123,3,2020-11-21,500
669031,4,2020-11-09,770
669271,2,2021-01-27,150
669287,6,2020-12-30,250
669351,21,2021-01-28,470
676955,2,2020-12-31,90
673886,4,2020-11-04,120
674030,1,2020-12-28,30
669146,3,2020-12-18,30
669162,2,2021-01-05,500
669194,6,2020-12-11,170
676862,2,2020-12-12,140
669137,5,2020-11-09,140
669281,2,2021-01-01,120
669297,2,2020-11-25,540
677045,3,2021-01-30,330
673981,6,2020-12-04,240
659270,1,2020-12-06,20
669065,2,2021-01-13,250
669129,1,2021-01-11,40
677005,1,2020-12-23,170
662339,7,2020-12-21,260
669231,1,2020-11-03,30
677091,2,2021-01-02,60
674071,3,2020-12-04,350
669267,1,2021-01-05,80
669347,1,2020-12-11,680
676919,3,2020-11-25,410
669181,1,2020-11-10,60
669229,6,2020-11-20,200
669261,12,2021-01-19,450
676977,2,2020-12-29,230
677121,1,2021-01-16,170
677185,4,2020-12-13,70
662378,2,2020-12-17,120
680440,3,2020-11-14,100
669158,5,2021-01-26,120
669190,1,2021-01-25,30
669206,2,2021-01-06,330
669382,4,2021-02-03,50
669414,12,2020-11-14,210
674096,13,2020-12-14,290
665762,6,2021-02-04,530
669180,2,2020-11-30,170
676960,1,2020-12-13,170
677024,3,2020-12-14,180
673972,3,2020-12-26,120
674100,5,2021-01-28,110
669152,2,2020-11-08,800
669296,2,2020-11-15,100
669344,1,2021-01-03,380
669392,1,2020-11-09,10
680515,2,2020-12-26,130
674034,1,2020-12-02,40
665732,3,2020-11-20,110
669150,1,2020-12-13,140
677010,8,2020-12-02,170
673945,1,2020-11-28,80
674073,18,2021-01-03,240
674201,2,2021-02-05,290
669013,2,2020-12-19,60
669349,5,2021-01-31,740
669413,10,2021-01-08,240
680472,1,2020-12-27,40
676905,5,2020-12-07,350
665793,16,2021-02-10,480
680333,3,2020-12-26,110
659496,1,2021-02-01,40
669195,1,2021-01-05,90
680590,1,2021-01-08,60
676943,2,2020-12-16,280
673155,2,2020-12-01,140
677321,1,2020-12-05,30
678106,1,2020-11-27,10
665875,2,2020-12-27,60
672836,1,2021-01-29,70
662118,1,2021-02-10,10
664962,3,2021-02-08,150
677195,1,2020-11-03,50
664001,1,2020-12-26,710
664049,1,2020-11-26,80
670490,25,2021-02-18,650
664146,1,2021-01-11,90
670379,7,2020-12-08,200
670652,5,2021-01-23,210
670562,2,2020-12-10,260
670658,2,2021-01-16,90
670722,2,2020-11-02,60
664024,1,2020-12-19,20
670689,1,2021-01-17,80
677242,2,2020-11-23,130
670601,2,2020-12-01,400
670681,10,2020-11-09,290
677191,3,2020-12-07,130
677239,1,2020-11-09,30
664109,1,2021-02-21,840
670550,1,2021-01-21,60
670678,1,2020-12-09,20
664150,4,2021-01-26,230
670415,2,2020-12-12,120
666213,2,2020-12-07,340
677157,4,2020-12-10,150
663963,2,2020-12-23,40
664059,1,2021-01-23,370
670372,1,2020-11-18,50
670660,2,2021-01-27,1130
677182,1,2020-11-15,30
670429,1,2020-11-29,140
663973,3,2020-12-17,70
670382,1,2020-11-28,60
670590,4,2021-02-12,190
670606,5,2020-11-20,220
666276,4,2020-12-27,1340
663975,12,2020-12-07,290
664103,5,2021-01-02,130
657112,2,2020-12-11,60
670440,11,2020-12-03,460
670472,3,2020-11-17,90
673894,1,2020-12-24,20
674150,1,2020-12-03,40
674198,1,2020-12-07,30
665800,13,2020-12-20,540
659311,2,2020-12-29,20
669026,1,2020-11-15,490
669346,1,2020-12-04,60
669410,15,2020-11-25,440
666211,1,2021-01-31,30
666291,1,2020-12-19,410
666675,1,2020-12-16,80
663236,1,2020-11-17,50
663300,1,2020-12-29,460
666344,3,2020-12-26,30
663321,2,2021-02-16,70
668509,3,2020-11-23,30
666848,2,2020-12-28,180
668373,12,2021-01-12,1190
668517,2,2021-01-11,40
666369,1,2021-01-20,90
666833,3,2021-01-29,30
663090,3,2020-11-29,320
666194,4,2021-01-15,880
665738,4,2021-01-22,120
669124,1,2020-12-14,50
669364,2,2020-11-13,80
680615,2,2020-12-16,120
663115,1,2020-12-24,10
668527,1,2021-01-24,150
666278,17,2020-12-11,820
666582,1,2021-02-11,110
666630,1,2021-01-18,320
668411,5,2020-11-18,50
668475,6,2020-12-05,160
666735,5,2020-12-06,1270
666588,1,2021-02-12,550
666684,6,2021-01-06,270
663149,1,2021-02-01,230
663277,1,2020-12-09,220
663205,2,2021-01-31,50
668361,3,2021-01-11,110
668441,8,2020-12-10,380
666293,1,2020-12-08,260
668602,1,2020-11-26,20
666585,2,2021-01-04,80
666617,14,2020-12-17,200
668398,1,2020-11-25,210
668590,2,2020-11-26,60
668606,3,2020-11-30,810
666263,1,2021-01-29,30
666279,3,2020-12-29,1380
663080,3,2020-12-20,160
663304,3,2021-02-05,420
668380,7,2020-12-24,310
668428,1,2020-12-09,100
668403,16,2021-01-27,1270
657582,2,2021-01-25,60
663822,1,2020-11-20,80
663902,1,2020-12-31,100
675388,1,2020-12-17,40
675745,1,2020-12-19,70
675793,6,2020-12-28,200
675825,1,2020-11-19,50
679822,3,2021-01-28,80
668549,6,2020-12-19,430
675453,18,2020-12-22,440
675586,1,2020-11-07,270
675746,2,2020-11-12,170
679553,1,2020-12-12,50
679665,1,2020-11-10,180
680145,2,2020-12-29,70
675560,2,2020-12-24,110
675335,10,2021-01-15,230
679559,1,2020-11-10,20
679991,2,2020-12-13,20
675582,2,2020-11-23,60
680082,1,2020-11-06,70
675348,2,2020-11-07,260
679747,1,2020-12-08,20
675578,1,2021-01-11,30
675626,2,2020-12-21,140
675850,1,2021-01-09,30
675350,2,2021-01-15,20
679983,3,2021-01-14,90
675526,1,2021-01-06,50
679785,3,2021-01-13,50
679881,2,2020-11-24,170
675552,1,2021-01-15,20
675632,3,2020-12-02,130
675680,1,2020-12-09,250
679600,1,2020-12-11,70
680272,1,2020-12-28,50
680188,3,2020-12-12,100
675699,2,2021-01-15,60
675827,1,2020-11-05,20
675843,1,2020-11-28,80
679901,4,2021-01-09,40
675391,1,2021-01-14,80
675540,5,2020-12-19,60
675668,2,2020-12-17,80
666269,3,2020-12-10,150
666413,1,2021-01-19,80
666685,3,2020-12-19,220
663358,3,2021-01-14,40
675759,1,2020-11-04,40
681042,1,2020-12-09,30
669959,5,2021-01-26,130
670087,2,2021-01-16,120
670167,3,2020-11-30,220
670215,2,2020-12-19,210
670247,3,2021-01-24,220
680792,1,2020-12-12,70
669461,6,2021-01-16,450
669941,1,2020-11-25,20
670093,10,2020-11-29,190
670221,2,2021-01-29,50
675911,4,2020-12-10,530
664692,2,2021-02-04,400
670152,7,2021-01-26,380
669431,1,2020-11-08,160
681223,1,2021-01-16,80
670015,2,2021-02-13,60
669593,8,2020-11-20,140
669929,1,2020-11-10,100
669945,1,2020-12-21,60
681225,1,2021-01-12,70
669985,3,2021-01-23,70
670113,4,2021-01-05,230
670225,10,2020-12-11,270
670337,1,2020-11-09,50
670214,7,2020-11-15,750
664524,1,2020-12-31,30
664652,10,2020-12-26,700
669432,9,2021-01-05,380
669944,2,2020-12-16,60
670032,6,2021-01-05,110
670240,2,2020-12-17,250
670256,1,2021-01-27,100
675882,1,2021-01-26,100
675978,2,2020-11-10,130
664792,1,2020-11-15,150
669460,1,2021-01-12,130
670028,13,2020-12-09,260
664783,1,2020-12-07,30
664831,2,2021-01-01,920
669819,1,2020-12-29,80
670035,1,2021-01-08,60
670275,1,2020-11-17,100
670307,8,2020-12-08,260
675965,2,2020-12-30,380
670174,3,2021-01-02,220
670238,2,2021-01-05,130
664513,1,2020-12-19,100
664657,2,2021-01-21,1230
669989,1,2020-11-06,20
670005,1,2020-12-04,250
670229,7,2020-11-29,150
676175,1,2020-11-16,30
664839,1,2021-01-01,330
680838,2,2020-11-14,40
670091,1,2020-11-02,40
670123,2,2021-01-23,130
670203,3,2020-11-08,210
670219,6,2021-01-12,260
676037,6,2021-01-27,210
666459,5,2020-12-09,330
666619,4,2020-12-25,690
666667,3,2021-01-03,90
663212,4,2020-12-24,1020
664528,2,2020-12-25,70
681004,1,2021-01-03,70
676094,1,2020-11-20,10
679830,1,2021-01-13,30
680150,1,2021-01-09,30
675368,2,2020-11-07,860
675757,3,2020-12-15,620
663671,1,2021-01-19,20
676500,2,2021-01-22,440
669457,1,2020-12-18,40
681233,1,2020-12-16,10
670201,1,2021-01-28,120
670361,1,2020-12-16,40
676459,7,2020-11-09,180
676475,1,2020-11-08,120
676683,1,2021-01-24,70
663516,3,2021-02-01,770
669434,1,2021-01-21,200
669466,1,2020-12-07,60
669594,21,2021-01-02,1330
669866,8,2020-12-16,230
669946,4,2020-12-25,750
681066,3,2020-12-31,70
676017,4,2020-12-22,260
676033,1,2021-01-19,50
663424,1,2020-12-03,260
676224,1,2020-12-12,50
676272,1,2021-01-14,90
676495,2,2021-01-13,90
663493,1,2020-12-12,330
663557,2,2021-01-14,20
663523,2,2020-12-30,290
663731,2,2021-02-04,280
676055,1,2020-11-02,40
676336,6,2020-12-09,290
676400,2,2021-01-25,60
676784,1,2020-11-16,50
663686,3,2020-12-24,280
676552,1,2020-12-03,150
663496,4,2021-01-14,70
663688,7,2020-11-26,370
676551,9,2021-01-30,480
676275,5,2020-12-18,220
663698,5,2020-12-09,90
663771,14,2021-01-03,460